TDS (mg/l),Turbidity (NTU),pH,Depth (m),Flow Discharge (L/min),Filter Life Span (hours),Filter Efficiency (%)
187.27,4.188,8.126,1.26,9.221,4665.184,92.816
475.357,2.602,6.504,2.573,19.914,4285.494,88.436
365.997,7.308,8.336,1.882,44.635,4307.74,89.824
299.329,9.813,7.723,0.658,58.891,4248.355,89.839
78.009,2.565,8.058,1.954,81.807,4579.52,90.747
77.997,6.542,7.39,2.948,98.838,4180.437,87.779
29.042,1.981,7.949,2.983,39.496,4604.046,91.24
433.088,5.653,6.041,2.105,5.694,4183.001,88.469
300.558,4.639,8.046,2.513,80.316,4310.432,88.693
354.036,9.72,6.1,4.845,60.834,3640.863,83.716
10.292,6.085,8.225,2.198,20.656,4551.95,92.139
484.955,3.495,8.48,1.662,49.988,4464.582,90.194
416.221,1.141,6.735,1.596,74.489,4399.821,88.596
106.17,1.512,6.526,2.56,77.271,4413.336,88.814
90.912,2.253,7.913,3.918,50.462,4440.518,89.577
91.702,2.51,6.633,1.427,31.216,4586.795,91.309
152.121,8.506,8.164,3.692,97.401,4051.038,87.088
262.378,5.612,6.257,0.595,66.673,4321.047,89.227
215.973,5.234,6.315,2.385,41.416,4240.456,88.561
145.615,1.148,8.448,3.991,28.766,4557.925,90.636
305.926,8.601,7.685,2.024,73.379,4136.238,88.209
69.747,7.228,8.117,3.037,24.976,4361.807,90.537
146.072,0.677,6.811,1.422,17.999,4695.973,91.983
183.181,7.078,7.691,3.839,53.454,4132.808,87.917
228.035,5.435,7.486,0.735,29.709,4529.831,91.632
392.588,0.817,7.508,4.336,63.262,4253.463,87.147
99.837,4.583,7.706,1.392,12.676,4627.024,92.518
257.117,4.847,7.438,4.435,65.839,4097.776,86.773
296.207,1.658,7.073,2.086,29.046,4509.544,90.302
23.225,9.457,6.69,3.752,1.024,4107.263,88.899
303.772,8.5,7.921,1.937,13.567,4294.487,90.359
85.262,6.69,6.566,4.577,93.428,3934.91,85.422
32.526,4.623,7.731,1.07,86.868,4544.955,90.968
474.443,4.118,6.583,1.303,24.127,4336.641,89.36
482.816,6.51,7.563,2.719,78.059,4061.457,86.787
404.199,5.454,7.868,0.869,61.249,4402.585,90.05
152.307,0.623,6.547,1.382,97.12,4514.958,89.365
48.836,5.125,6.15,4.747,37.987,4083.648,86.994
342.117,8.064,6.327,4.894,68.465,3732.134,84.056
220.076,4.592,7.515,2.193,7.29,4477.944,91.084
61.019,0.52,8.124,4.655,40.228,4509.938,89.853
247.588,7.863,6.112,2.952,96.418,3906.309,85.458
17.194,2.014,7.835,1.714,54.359,4694.156,92.002
454.66,2.586,6.853,3.661,29.5,4203.61,87.517
129.39,1.647,7.196,3.465,12.907,4500.264,90.368
331.261,3.302,8.322,4.951,70.649,4165.072,86.935
155.856,7.568,6.83,1.693,64.841,4227.737,88.899
260.034,5.194,7.163,3.524,38.02,4198.158,88.16
273.355,2.049,6.034,0.734,95.143,4400.605,88.669
92.427,8.778,6.204,1.011,3.198,4327.734,90.879
484.792,8.796,6.646,0.518,31.069,4168.56,89.014
387.566,8.706,6.07,4.998,92.186,3593.762,82.627
469.749,2.388,7.578,4.11,32.773,4227.003,87.659
447.414,4.512,7.066,4.04,25.973,4101.302,87.107
298.95,9.85,7.37,2.794,53.888,4007.914,87.495
460.937,7.72,6.437,1.85,82.556,3977.044,86.261
44.246,0.272,6.74,1.181,11.212,4797.784,92.947
97.991,0.652,7.66,1.781,94.359,4617.536,90.427
22.614,4.639,8.413,2.192,79.712,4519.442,90.789
162.665,9.092,6.126,3.903,18.944,3948.434,87.023
194.339,5.387,8.226,2.928,71.489,4320.25,89.104
135.675,4.978,7.442,0.849,39.111,4564.387,91.746
414.369,1.055,7.41,0.581,40.827,4641.291,91.321
178.377,6.568,7.251,0.96,78.546,4354.35,89.728
140.467,8.221,6.173,2.347,96.316,4008.708,86.59
271.348,3.804,6.225,4.699,13.539,4099.571,87.002
70.462,7.756,7.502,3.368,42.642,4205.075,88.951
401.098,9.645,6.852,4.108,48.613,3794.404,85.351
37.275,2.038,8.293,2.599,38.255,4672.418,91.953
493.443,5.233,7.016,2.127,36.956,4206.6,88.266
386.122,2.871,6.358,0.988,6.175,4488.061,90.68
99.358,7.929,7.787,4.442,68.868,4050.667,87.197
2.761,5.776,6.733,4.024,44.185,4192.369,88.215
407.731,6.346,7.314,1.257,20.285,4343.989,90.141
353.429,7.979,7.745,2.805,81.787,4054.695,87.123
364.504,3.96,8.251,2.693,80.454,4314.603,88.529
385.635,9.151,7.98,3.313,49.153,4018.088,87.435
37.022,5.33,7.691,4.758,30.547,4247.187,88.765
179.233,1.58,7.699,3.109,64.171,4462.075,89.453
57.935,6.959,8.365,2.931,29.527,4407.412,90.867
431.552,7.933,6.74,0.726,24.365,4240.175,89.538
311.649,3.168,6.003,0.783,73.321,4361.122,88.828
165.449,8.572,6.68,1.343,4.992,4312.384,90.645
31.779,9.061,6.545,0.646,10.382,4400.136,91.616
155.491,2.769,7.655,3.845,1.672,4461.408,90.428
162.592,9.835,7.584,3.755,16.141,4077.59,88.565
364.803,1.407,7.484,1.112,7.83,4668.723,92.031
318.779,2.02,6.041,4.262,99.584,4018.259,84.793
443.606,1.842,7.822,1.197,29.592,4589.441,91.151
236.107,8.94,6.809,1.855,15.778,4198.75,89.512
59.797,6.543,7.663,1.62,24.859,4497.462,91.689
356.622,1.521,7.391,2.175,93.676,4379.89,88.318
380.393,4.403,6.857,1.646,52.496,4305.734,88.853
280.639,6.153,6.336,2.7,37.117,4141.414,87.889
385.484,0.835,6.236,2.333,87.466,4280.866,87.184
246.898,8.824,8.079,4.94,40.104,3969.058,86.937
261.366,8.036,8.296,0.752,34.166,4453.616,91.605
213.771,5.052,7.624,1.14,21.521,4545.935,91.76
12.71,9.671,6.259,0.738,38.402,4285.365,90.371
53.946,4.178,7.005,3.316,32.352,4368.321,89.613
15.715,9.841,7.822,0.745,68.053,4371.687,90.989
318.205,6.679,7.95,4.264,29.669,4116.157,87.869
157.178,6.347,6.296,2.804,58.143,4136.972,87.692
254.285,1.66,6.0,2.872,7.523,4387.687,89.3
453.783,8.819,7.78,3.027,19.938,4067.586,88.122
124.646,4.275,6.891,1.269,41.333,4503.549,90.905
205.191,1.622,6.636,1.39,93.758,4453.431,89.083
377.776,0.126,6.032,1.935,38.348,4437.869,89.033
114.399,5.598,7.351,3.171,66.743,4247.437,88.486
38.49,5.274,8.128,1.446,26.254,4632.783,92.647
144.876,7.194,8.394,1.023,13.576,4577.791,92.8
80.611,8.903,7.414,4.866,6.795,4055.859,88.161
464.849,0.794,7.286,0.599,31.236,4634.124,91.267
404.06,7.315,6.213,4.112,16.608,3909.055,86.119
316.702,1.874,7.372,4.046,18.227,4344.091,88.821
435.73,8.582,6.95,1.837,76.315,4011.664,86.928
401.836,8.191,7.518,1.11,2.568,4325.166,90.683
93.285,5.408,6.972,1.155,56.223,4452.163,90.582
446.279,7.102,6.601,3.638,38.567,3940.836,86.153
269.671,3.144,6.237,3.393,51.148,4190.171,87.333
403.72,4.712,6.787,4.022,56.72,4025.61,86.102
448.046,8.216,6.242,4.719,32.023,3753.407,84.679
159.002,4.593,6.442,3.614,30.216,4213.292,88.209
55.026,3.578,8.468,1.201,73.607,4673.075,92.068
113.968,4.942,7.11,1.595,87.256,4372.874,89.339
213.554,8.282,7.33,4.29,20.066,4042.948,87.714
409.007,3.352,8.184,1.442,10.664,4580.781,91.707
430.365,1.738,8.489,0.826,89.882,4584.43,90.467
3.476,7.12,7.457,3.665,35.64,4250.178,89.281
255.374,8.26,8.031,2.311,55.58,4220.145,89.124
208.706,1.006,6.817,4.64,36.595,4289.856,87.835
111.054,2.399,6.764,3.426,13.454,4431.448,89.9
59.933,1.42,7.007,0.907,59.344,4690.347,91.736
168.808,3.479,7.681,4.765,52.989,4227.239,87.786
471.455,4.504,7.705,1.664,21.096,4401.102,90.151
161.601,7.488,6.788,2.017,45.735,4230.38,89.093
259.395,6.511,6.333,2.31,79.898,4087.218,87.027
351.509,6.209,7.581,0.731,59.452,4379.925,90.068
181.815,3.524,6.321,2.734,10.595,4370.365,89.655
485.891,8.414,7.446,1.055,55.254,4164.952,88.621
481.224,4.713,7.734,2.304,70.571,4225.521,87.963
125.891,9.791,7.752,2.078,79.478,4155.88,88.701
248.624,6.341,7.884,3.978,63.283,4122.642,87.496
150.439,1.263,8.182,4.114,16.113,4536.21,90.58
142.42,6.762,7.25,1.19,71.307,4354.041,89.856
18.443,3.251,7.826,2.149,68.057,4559.727,90.892
304.782,6.863,7.548,2.18,3.418,4334.393,90.369
251.34,0.696,6.467,1.181,41.763,4584.509,90.636
25.739,1.749,6.064,4.093,33.962,4328.884,88.474
139.323,8.557,6.711,3.683,67.272,3970.809,86.603
454.133,2.272,7.108,1.357,22.397,4489.635,90.354
119.781,8.37,7.543,2.15,59.496,4241.848,89.335
72.447,2.793,8.125,0.976,91.407,4656.201,91.486
244.726,6.429,6.491,3.327,79.982,4012.599,86.255
492.825,6.942,6.314,1.046,92.224,4048.834,86.649
121.028,5.127,8.409,4.937,97.872,4134.614,86.905
336.068,3.053,6.27,4.013,2.056,4200.902,87.904
380.81,2.126,7.196,2.256,62.651,4371.986,88.731
118.819,0.332,7.464,3.104,41.871,4576.291,90.444
364.108,3.039,7.353,4.601,86.126,4068.961,85.74
183.892,6.532,6.215,2.993,25.93,4151.777,88.218
316.153,9.383,6.143,1.285,98.122,3962.26,86.456
316.765,8.712,6.264,2.204,61.757,3988.456,86.881
267.887,7.661,7.464,4.294,79.56,3940.885,85.911
45.145,7.884,7.361,3.399,9.474,4260.446,89.875
417.651,6.65,6.584,3.428,19.162,4035.966,87.163
160.39,2.603,7.594,4.401,76.082,4256.871,87.589
93.259,9.072,8.05,4.523,3.177,4146.149,89.151
20.388,6.707,6.104,4.639,81.871,3937.186,85.565
295.446,5.604,7.245,0.927,2.381,4499.145,91.649
338.782,1.11,7.723,2.949,66.055,4420.476,88.877
8.294,4.471,6.631,3.832,37.144,4277.885,88.749
256.047,4.604,6.769,3.906,61.538,4105.047,86.816
113.248,8.646,7.534,3.23,69.907,4101.667,87.911
322.586,5.466,8.245,1.251,34.905,4495.002,91.241
87.183,3.804,8.025,4.088,11.688,4436.473,90.389
345.469,9.768,7.458,3.741,7.895,3994.808,87.8
193.368,1.107,7.826,0.888,59.305,4723.141,91.971
468.365,4.225,6.912,2.587,52.545,4181.945,87.562
68.76,0.42,7.602,1.283,74.478,4727.603,91.657
170.533,7.399,7.165,2.019,51.464,4256.534,89.27
56.737,9.181,6.475,0.581,42.822,4316.297,90.489
462.347,2.8,7.754,2.301,40.411,4393.273,89.369
438.67,8.583,7.391,2.974,3.618,4085.929,88.398
128.971,2.922,6.897,3.288,34.22,4381.808,89.353
329.992,9.108,8.278,3.486,97.626,3963.631,86.392
408.611,7.54,6.052,4.263,87.482,3722.652,83.614
277.6,8.049,6.789,1.47,33.608,4223.515,89.314
264.825,0.18,6.142,1.042,59.192,4550.204,89.964
120.926,9.628,7.916,4.332,84.882,3946.807,86.508
46.551,7.267,7.755,1.205,44.686,4479.068,91.524
448.608,3.048,6.828,4.886,2.778,4111.961,87.006
450.209,8.294,7.689,4.291,8.377,3983.219,87.237
316.551,2.815,6.99,2.754,51.529,4321.496,88.544
169.515,8.728,7.891,4.916,96.974,3882.34,85.472
174.605,1.126,7.135,0.938,69.628,4636.878,91.01
362.978,7.037,7.031,1.864,8.021,4267.317,89.704
448.555,5.407,8.337,3.372,19.747,4262.361,89.048
443.543,0.965,6.627,2.075,77.361,4330.456,87.821
389.938,2.419,6.301,4.678,84.303,3977.823,84.661
321.016,0.124,7.461,0.795,62.152,4675.591,91.172
42.07,4.688,8.423,2.972,64.798,4460.08,90.359
80.814,3.013,6.945,3.159,3.805,4479.919,90.665
449.277,5.984,6.155,3.437,83.024,3881.915,84.784
303.215,2.972,6.848,1.65,79.039,4361.472,88.716
4.599,2.999,7.265,2.141,26.644,4606.88,91.702
50.736,7.432,6.405,4.297,71.159,3971.542,86.233
331.751,0.481,7.645,1.377,22.271,4692.313,91.845
2.531,9.029,8.494,4.221,4.993,4264.649,90.305
80.404,8.523,7.129,3.032,20.913,4201.581,89.363
274.367,6.678,6.887,3.93,18.684,4087.243,87.689
345.948,5.932,7.002,3.711,34.437,4090.594,87.341
325.981,8.923,6.288,1.434,42.427,4091.412,88.167
112.135,1.853,8.208,3.06,51.345,4563.43,90.677
356.09,0.79,7.037,4.405,48.199,4249.304,87.248
118.625,2.395,6.968,2.445,27.797,4517.705,90.618
162.7,7.946,7.649,4.85,3.888,4093.542,88.28
373.246,0.347,7.105,2.535,60.905,4431.243,88.807
324.816,5.828,7.621,1.143,40.179,4413.636,90.483
424.612,9.954,6.154,2.252,30.569,3918.954,86.87
328.806,8.557,8.034,4.783,86.827,3859.259,85.291
284.154,5.214,8.351,1.939,74.928,4388.596,89.701
46.837,0.636,7.622,4.406,85.919,4394.47,88.276
183.858,8.314,8.386,4.466,50.003,4084.456,87.839
132.601,5.99,6.379,2.076,13.962,4336.56,90.023
121.995,1.149,7.194,0.875,69.926,4673.572,91.381
486.505,0.939,7.505,3.761,21.401,4341.417,88.482
196.549,9.096,7.454,1.902,44.682,4212.802,89.41
446.023,6.692,7.004,4.023,7.435,4025.568,87.189
315.569,8.293,6.845,2.492,82.706,3997.487,86.636
397.406,8.79,6.317,2.684,13.468,3998.207,87.484
251.319,5.718,6.979,4.001,90.407,4005.518,85.866
288.452,5.174,6.407,2.221,86.559,4142.535,87.112
246.259,4.304,7.836,2.494,46.994,4401.854,89.84
97.621,3.169,6.522,2.193,74.692,4376.253,88.966
361.226,4.346,6.146,2.153,62.325,4176.777,87.448
140.386,7.739,7.381,2.867,80.504,4133.274,87.849
12.158,6.019,7.488,4.14,43.749,4240.31,88.771
322.736,8.925,8.18,2.128,78.795,4139.963,88.289
88.555,4.434,7.442,2.859,46.783,4398.797,89.85
470.229,6.071,6.864,3.518,94.156,3907.572,84.955
476.964,6.313,8.008,1.712,49.151,4277.068,89.173
457.432,5.917,7.351,1.749,46.799,4242.021,88.727
185.079,7.026,6.198,4.7,78.722,3848.483,84.806
7.728,2.374,7.415,3.756,82.336,4378.619,88.675
464.159,5.124,8.27,3.097,55.894,4217.22,88.15
214.092,1.042,6.991,3.415,18.8,4460.846,89.733
483.327,3.845,6.741,0.632,47.308,4382.361,89.504
481.81,4.877,6.359,3.281,96.839,3929.304,84.788
426.505,6.522,6.379,2.793,75.546,3968.127,85.882
147.224,9.505,7.082,2.956,81.305,4001.118,87.05
192.549,6.007,7.489,2.117,4.25,4432.08,91.08
425.568,7.436,6.202,0.867,47.318,4154.273,88.3
158.461,5.063,8.349,1.37,65.015,4535.495,91.224
84.746,6.341,7.888,4.778,83.173,4085.177,86.922
278.401,0.709,7.467,2.339,5.878,4626.319,91.417
468.077,2.544,8.071,2.6,85.391,4315.085,88.06
348.015,3.619,6.2,0.737,55.292,4380.81,89.341
285.031,4.725,7.192,0.669,20.534,4532.475,91.537
48.588,0.456,7.575,3.727,32.408,4572.857,90.541
307.504,1.4,8.072,2.921,28.911,4533.435,90.465
495.027,2.768,7.959,2.789,53.555,4323.919,88.534
70.042,9.715,6.693,1.594,6.117,4276.84,90.622
259.165,3.313,8.352,3.851,16.695,4421.436,90.041
438.687,4.82,6.311,1.257,81.457,4182.103,87.453
370.384,1.961,8.188,1.355,14.128,4671.816,92.165
348.508,6.108,8.427,2.573,24.106,4357.558,90.167
351.242,2.807,6.443,1.788,45.884,4357.732,88.961
179.746,2.07,7.805,1.614,52.195,4621.399,91.313
146.796,5.166,6.101,3.404,76.597,4084.835,86.632
404.681,0.055,7.014,3.429,45.286,4362.753,88.191
405.057,0.077,7.291,4.21,79.197,4243.285,86.664
433.536,2.191,7.452,2.38,62.216,4356.457,88.6
456.62,0.367,8.34,0.829,12.197,4780.031,92.789
255.671,1.08,7.681,1.731,16.477,4680.111,91.96
250.758,3.389,7.203,4.91,44.266,4145.975,87.034
399.148,8.026,8.024,3.183,40.292,4102.652,88.031
324.982,5.72,8.376,3.694,74.611,4170.514,87.675
350.983,5.127,6.055,0.533,58.493,4303.394,88.987
397.896,2.935,8.456,2.832,39.425,4437.895,89.865
445.003,9.318,6.215,0.669,17.905,4130.456,88.921
168.998,3.97,8.036,3.062,23.457,4467.523,90.632
187.791,0.871,6.701,4.643,57.975,4252.345,87.205
46.991,6.171,6.33,4.858,42.92,4029.387,86.716
289.14,1.138,7.1,2.932,51.978,4411.27,88.934
17.971,3.452,7.61,2.562,17.897,4587.406,91.731
232.799,5.074,6.952,4.753,66.628,4016.619,86.022
271.322,8.742,6.136,3.531,85.401,3816.942,84.938
143.271,4.935,7.499,0.792,26.536,4599.18,92.207
295.417,7.023,8.256,2.596,49.66,4267.867,89.289
15.25,9.928,6.958,1.581,97.577,4138.506,88.388
18.674,1.315,6.541,2.614,33.991,4549.608,90.551
411.3,2.747,7.106,2.55,59.91,4292.85,88.154
180.095,3.946,6.121,3.12,9.929,4292.931,89.014
63.53,4.218,8.051,2.105,60.995,4529.905,90.955
261.122,4.11,8.066,1.239,9.874,4626.845,92.403
384.997,9.076,7.47,2.767,95.964,3932.094,86.084
107.911,7.14,6.883,4.236,71.851,4010.012,86.524
311.445,6.079,7.999,3.488,79.028,4133.409,87.368
42.674,3.094,7.387,2.023,70.706,4518.97,90.411
25.841,8.238,8.065,4.71,59.383,4091.916,87.797
265.677,9.551,7.579,4.605,45.541,3895.92,86.369
270.318,8.212,7.961,1.442,85.979,4234.179,88.946
318.715,0.016,7.496,0.677,95.727,4630.309,90.351
363.046,6.364,7.035,3.836,50.405,4019.414,86.599
487.926,0.511,8.395,4.224,93.222,4261.087,86.832
258.15,2.576,7.353,4.855,58.75,4174.361,86.929
161.478,0.595,7.513,4.504,54.3,4381.744,88.453
397.593,6.038,6.551,3.202,45.994,4042.199,86.773
135.416,6.866,7.564,2.885,21.719,4313.447,89.977
219.486,1.145,7.429,0.625,1.368,4810.65,93.436
39.228,3.838,6.462,1.61,24.909,4523.862,91.141
12.675,4.562,6.149,2.568,51.463,4320.689,89.061
481.324,3.691,7.511,3.328,38.616,4215.842,87.879
417.99,1.21,7.909,3.008,45.4,4429.852,89.208
347.987,4.189,7.309,3.842,98.084,4067.028,85.946
204.476,7.512,6.567,1.759,35.677,4231.617,89.213
86.647,0.71,7.666,3.042,45.766,4592.042,90.676
78.219,0.802,6.2,0.897,14.218,4722.727,92.326
125.121,3.548,7.105,2.361,5.748,4522.867,91.236
274.613,9.417,6.408,3.876,77.766,3789.569,84.943
357.298,6.686,6.461,3.62,57.498,3956.154,85.992
330.099,6.787,6.506,4.958,76.31,3797.78,84.251
139.967,3.619,6.967,1.751,15.836,4539.009,91.317
477.433,5.937,6.128,2.742,57.611,3987.834,86.083
368.948,0.101,6.994,1.983,26.111,4559.399,90.363
277.177,6.361,7.279,2.483,23.578,4275.863,89.431
305.86,9.133,7.208,4.356,2.141,3971.34,87.432
209.8,6.126,6.957,3.579,13.904,4198.808,88.687
123.865,8.737,8.098,4.471,31.618,4100.671,88.312
177.986,7.24,6.363,1.416,12.571,4318.63,90.233
378.923,1.206,7.264,4.43,98.6,4136.471,85.74
7.197,9.025,6.155,0.769,31.555,4320.683,90.599
58.036,0.664,6.178,4.499,13.902,4377.875,88.839
23.001,5.34,7.435,1.981,20.709,4525.481,91.65
20.364,1.421,7.415,1.916,59.183,4650.324,91.338
427.73,0.117,8.195,2.804,7.34,4604.669,91.008
351.829,4.22,7.395,4.733,86.381,4006.464,85.467
237.087,2.95,8.399,0.715,96.188,4610.005,91.023
48.917,4.86,6.122,2.085,25.428,4385.355,90.057
245.808,5.772,6.245,4.355,45.559,3986.422,86.14
236.736,0.437,6.11,2.282,3.191,4536.172,90.461
86.601,1.23,6.463,1.396,64.43,4573.036,90.455
216.926,5.586,7.353,2.412,41.979,4322.419,89.48
199.252,3.432,7.614,2.235,27.736,4511.213,90.864
307.925,7.292,6.114,4.619,21.477,3887.956,85.852
317.547,6.523,8.365,3.929,65.748,4127.206,87.571
22.652,8.456,8.105,2.773,42.205,4314.7,90.262
187.306,6.925,6.742,4.948,18.786,4001.914,86.909
312.93,4.299,6.193,2.594,69.222,4150.048,87.098
251.568,6.73,6.425,0.762,56.942,4290.113,89.351
428.245,2.754,6.317,1.68,86.009,4239.883,87.365
329.347,3.063,6.308,2.462,12.63,4341.499,89.208
81.467,7.89,7.296,1.206,78.781,4316.246,89.742
35.284,4.464,6.615,4.764,67.678,4108.849,86.751
321.21,7.984,6.895,3.951,12.386,4009.886,87.37
13.256,8.224,8.474,1.707,69.787,4419.234,90.962
292.888,8.576,7.711,3.159,44.713,4090.565,88.031
470.115,9.166,8.372,3.747,94.553,3880.111,85.605
287.737,4.31,6.356,4.736,15.02,4072.663,86.869
194.085,3.189,6.955,4.467,64.641,4163.042,86.941
321.644,5.822,7.387,2.818,38.816,4227.293,88.631
229.126,3.712,6.192,3.986,95.725,4028.997,85.446
272.808,6.011,6.01,3.03,33.668,4093.805,87.405
470.732,7.056,7.676,2.987,96.256,3988.22,86.036
193.051,6.884,7.605,1.016,90.247,4337.599,89.539
480.595,3.746,7.027,1.068,27.768,4412.825,89.974
452.675,1.669,7.224,2.883,80.551,4263.252,87.328
97.896,4.305,7.039,1.71,99.565,4369.531,88.991
34.681,1.426,6.06,0.595,26.014,4705.87,92.226
50.389,8.901,6.838,3.753,44.241,4049.84,87.726
9.111,3.459,6.443,0.646,52.498,4597.162,91.484
47.221,1.545,6.246,3.179,30.198,4445.494,89.616
341.503,0.254,8.392,2.926,2.511,4658.045,91.632
35.594,6.458,7.498,4.86,22.793,4177.579,88.485
159.488,6.369,7.822,2.679,28.912,4358.25,90.204
422.438,3.406,6.788,0.786,44.916,4428.867,89.861
11.636,0.717,6.983,2.983,17.939,4622.475,91.26
407.234,4.096,6.592,4.285,87.452,3947.402,84.828
140.927,3.112,6.242,4.986,70.786,4058.014,85.806
59.082,6.771,6.448,2.437,9.435,4314.132,90.078
348.369,6.058,7.994,1.941,65.359,4297.452,89.138
314.471,3.646,7.694,4.58,65.712,4140.436,86.841
438.736,2.179,7.367,1.361,95.666,4381.027,88.507
367.536,9.88,7.188,3.269,1.299,4011.446,88.066
401.74,4.54,8.306,2.326,25.545,4419.075,90.297
141.017,6.883,6.182,0.685,92.851,4249.348,88.63
88.72,1.406,6.702,2.063,93.281,4462.672,89.116
375.307,4.856,6.875,1.694,72.338,4243.007,88.163
403.417,0.275,7.956,3.587,76.811,4367.767,87.992
495.253,5.055,8.481,4.77,10.057,4150.705,87.923
206.309,9.64,6.602,1.706,51.874,4100.636,88.38
186.009,3.842,8.186,4.152,23.927,4370.456,89.618
388.206,0.39,8.077,0.749,18.941,4781.261,92.74
170.402,0.31,6.562,2.922,81.22,4400.891,88.29
465.379,3.88,6.998,0.817,14.369,4462.665,90.647
429.206,1.6,7.024,4.703,47.397,4142.695,86.433
214.497,0.234,8.446,3.949,93.919,4442.934,88.56
375.436,7.562,6.452,3.461,19.397,3994.526,87.02
377.271,4.585,7.998,4.208,97.821,4065.496,86.052
51.562,2.892,6.835,3.414,99.435,4272.892,87.602
451.276,9.001,7.827,4.86,56.006,3809.001,85.23
252.626,1.161,7.05,3.713,17.844,4413.651,89.306
413.229,9.559,7.446,4.661,32.294,3829.331,85.838
160.025,3.14,8.082,2.827,43.025,4502.398,90.536
447.762,8.884,8.01,1.027,31.623,4267.034,90.019
194.601,6.029,8.166,2.877,28.783,4372.588,90.247
5.419,8.267,6.149,1.071,97.251,4197.247,88.48
452.691,9.84,7.73,3.166,16.183,4005.672,87.847
45.643,2.884,6.35,2.671,73.599,4353.652,88.666
159.657,9.611,7.04,3.302,1.041,4111.318,88.986
475.031,3.895,7.371,0.545,60.022,4430.325,89.871
475.304,3.855,7.007,1.377,91.678,4249.242,87.732
286.719,3.404,7.299,2.711,29.505,4386.24,89.589
315.919,5.414,8.491,4.777,19.367,4204.008,88.471
224.223,1.541,6.338,2.226,65.516,4390.964,88.717
146.605,5.537,7.689,2.41,71.548,4334.643,89.292
164.332,5.417,6.99,3.716,69.115,4136.138,87.295
336.259,7.619,6.333,3.217,32.612,3997.24,86.932
376.187,8.336,6.397,1.845,25.968,4098.313,88.224
395.79,4.404,8.373,2.349,95.636,4293.064,88.296
394.809,3.023,8.199,1.48,92.407,4438.551,89.368
45.603,2.593,8.268,4.847,46.274,4397.033,89.286
247.21,1.946,8.479,1.088,84.773,4648.634,91.222
28.779,0.576,6.521,2.173,45.78,4599.979,90.715
274.764,3.424,6.889,0.616,43.015,4532.597,90.923
220.765,2.702,7.673,1.498,16.52,4638.958,92.035
443.852,9.664,7.21,4.012,43.214,3828.175,85.749
175.458,5.577,7.046,1.405,54.204,4389.077,90.022
58.534,3.473,6.895,0.86,3.228,4694.063,92.95
71.496,5.805,7.484,2.635,44.967,4369.025,89.982
380.755,1.392,7.439,0.545,78.354,4572.728,90.361
309.109,4.44,6.404,0.881,68.325,4338.994,89.039
50.561,6.262,7.179,4.134,63.881,4138.344,87.623
42.053,4.889,7.384,3.972,91.046,4193.637,87.493
350.485,4.018,7.426,4.618,2.785,4199.057,88.168
36.382,9.938,6.525,4.345,56.148,3890.584,86.326
410.93,8.803,7.856,3.574,78.948,3924.621,86.098
353.121,6.234,6.063,0.735,54.592,4235.302,88.677
40.674,5.694,6.887,4.023,33.066,4215.269,88.53
42.419,6.207,7.951,4.305,14.489,4304.056,89.758
493.32,2.013,7.41,4.096,88.869,4106.333,85.779
187.135,3.951,6.653,2.788,47.605,4300.128,88.711
185.321,0.395,7.737,1.548,87.933,4630.675,90.546
406.4,4.755,7.418,4.304,58.999,4052.478,86.361
473.624,5.43,7.991,3.772,67.745,4078.023,86.732
493.001,2.277,7.838,4.913,80.622,4070.795,85.585
376.689,9.64,7.525,1.201,66.256,4129.594,88.525
188.13,9.095,7.22,1.515,40.407,4240.888,89.733
41.75,7.221,6.333,1.453,51.85,4302.34,89.671
388.573,5.334,6.653,4.066,80.502,3936.707,85.162
279.202,8.7,7.048,1.341,37.991,4220.098,89.431
212.111,1.307,7.498,0.8,39.424,4719.598,92.194
453.177,7.905,7.284,4.994,10.473,3886.284,86.13
55.599,1.248,6.72,0.612,91.544,4637.581,90.835
246.313,7.942,6.016,4.259,10.013,3935.469,86.637
5.677,2.758,7.241,2.144,65.173,4538.577,90.561
234.33,8.771,6.714,4.287,41.906,3903.157,86.244
28.152,9.44,7.837,2.996,41.156,4215.663,89.577
59.409,1.488,6.06,4.557,68.276,4209.599,86.86
58.763,4.627,7.462,4.668,7.642,4303.416,89.346
324.605,9.81,8.354,0.541,59.777,4308.924,90.434
373.022,4.834,6.436,0.839,77.431,4276.59,88.442
291.684,8.635,7.179,1.627,82.993,4111.649,87.877
481.086,5.887,6.229,3.512,17.883,4000.99,86.597
187.435,3.753,7.564,4.497,89.844,4145.626,86.684
142.856,2.858,7.376,2.57,65.958,4434.422,89.542
434.3,2.032,7.018,3.231,88.304,4183.335,86.56
111.798,7.618,7.303,1.348,49.043,4360.636,90.401
481.611,3.865,8.241,4.122,54.661,4168.51,87.298
6.077,5.113,6.491,4.853,91.985,4021.13,85.825
484.939,4.923,6.056,1.709,90.091,4065.957,86.236
21.58,5.773,8.154,2.727,45.368,4452.579,90.804
445.572,8.656,7.443,0.888,28.167,4243.619,89.751
263.851,9.807,8.227,3.016,39.924,4118.91,88.732
496.482,4.076,7.492,2.763,39.389,4242.173,88.251
36.898,8.275,8.025,1.15,29.4,4496.536,92.154
276.927,7.645,7.074,2.489,27.589,4182.582,88.844
484.651,5.735,7.875,2.003,86.245,4185.537,87.714
261.549,9.56,8.283,2.848,7.916,4218.806,89.977
314.699,2.005,7.43,3.135,68.084,4335.732,88.278
347.874,1.093,6.452,0.538,18.109,4626.586,91.413
227.271,8.54,6.672,3.925,35.106,3963.918,86.85
313.779,4.391,6.497,3.709,7.093,4188.155,88.128
292.157,8.47,6.617,2.148,27.727,4121.868,88.482
450.579,8.931,6.766,0.738,77.074,4076.801,87.677
22.723,0.625,7.388,3.897,88.617,4429.24,88.594
140.482,8.835,7.47,4.798,22.931,4009.334,87.514
475.206,4.483,7.066,1.581,46.891,4293.012,88.806
445.132,5.104,7.539,1.956,47.562,4285.363,88.909
227.828,6.266,6.204,1.327,87.484,4185.5,87.86
310.066,9.264,6.219,3.096,76.517,3841.067,85.425
138.691,0.191,6.43,1.197,51.795,4640.786,90.947
94.061,4.768,7.295,2.103,67.404,4398.972,89.746
231.849,6.877,6.535,3.637,84.888,3960.281,85.817
176.676,7.227,6.708,3.021,1.944,4215.189,89.301
291.828,6.925,7.001,2.239,40.886,4202.218,88.691
38.867,1.344,8.03,2.391,90.817,4595.569,90.451
487.197,2.994,6.035,3.029,74.291,4058.637,85.742
493.105,3.587,7.623,0.526,54.741,4474.313,90.272
349.081,8.044,7.672,0.853,53.435,4298.261,89.862
268.048,2.788,7.997,4.466,35.429,4308.835,88.57
154.764,2.107,8.332,0.85,52.532,4760.345,92.71
406.898,9.574,6.05,3.681,65.883,3723.034,84.444
342.366,0.089,6.384,4.64,42.418,4213.978,86.742
81.308,9.978,8.215,1.718,71.701,4266.768,89.944
455.464,6.768,7.146,2.167,86.262,4059.242,86.76
411.269,8.285,7.411,3.06,16.314,4082.636,88.149
474.9,2.946,7.658,4.468,45.703,4142.822,86.855
362.86,0.143,7.698,4.739,41.394,4324.534,87.874
306.708,7.379,8.329,3.828,69.059,4089.725,87.42
209.122,8.341,8.492,0.89,25.737,4487.152,92.117
466.364,7.405,7.8,3.511,64.385,3996.73,86.545
433.032,1.429,6.718,2.346,87.871,4273.485,87.285
22.609,7.534,8.199,2.618,42.395,4385.314,90.689
13.183,7.689,6.123,0.721,91.191,4266.754,89.062
188.232,6.585,6.578,1.36,99.323,4199.76,87.98
405.277,7.661,8.243,4.057,11.503,4109.913,88.282
493.638,8.459,6.64,2.543,24.072,3991.842,87.215
75.208,6.136,6.552,1.857,95.088,4234.833,88.238
297.065,0.886,6.345,2.228,95.874,4327.139,87.578
190.445,4.876,8.148,4.345,10.673,4319.915,89.555
484.957,0.776,7.25,3.87,2.485,4351.692,88.725
421.059,4.075,7.687,1.725,16.949,4447.982,90.533
419.164,4.071,6.598,1.029,99.605,4244.545,87.671
234.347,0.66,7.895,1.634,18.82,4738.293,92.393
207.41,3.488,7.9,4.643,50.752,4246.041,87.999
136.704,1.11,6.781,3.117,84.993,4372.597,88.209
28.188,8.082,7.027,2.901,3.02,4288.354,90.278
432.361,9.477,6.524,3.184,60.844,3822.332,85.458
406.451,0.723,8.441,2.147,28.426,4633.193,91.265
499.859,9.551,7.614,4.132,86.371,3747.973,84.481
498.318,5.226,8.336,2.855,29.063,4279.584,89.073
277.716,2.996,6.758,1.025,68.989,4446.691,89.676
384.494,0.769,7.955,1.081,67.748,4621.22,90.765
472.383,5.006,7.915,2.916,22.928,4267.519,88.948
424.824,7.945,7.729,4.715,4.445,3982.897,87.168
123.674,7.071,8.414,1.888,41.516,4454.24,91.248
225.272,0.502,6.984,4.413,29.63,4360.086,88.455
64.58,0.729,6.327,3.938,81.089,4307.918,87.487
477.026,4.029,7.679,1.615,80.236,4305.99,88.466
303.087,2.953,7.823,0.664,46.245,4624.294,91.666
114.321,2.324,7.438,0.958,61.045,4652.492,91.612
335.85,2.81,6.517,3.778,60.822,4143.811,86.673
309.064,8.035,7.261,1.399,82.889,4164.212,88.224
179.081,9.292,6.78,2.171,43.075,4120.67,88.564
56.779,4.051,7.069,2.758,28.269,4443.623,90.369
335.787,9.061,7.613,3.765,27.238,4009.418,87.54
260.154,3.215,7.863,1.01,54.083,4586.359,91.287
386.159,4.764,6.581,2.329,45.466,4202.962,88.004
260.082,2.26,7.013,2.683,44.572,4400.849,89.241
426.091,6.405,6.673,2.934,10.023,4120.59,88.027
275.953,9.79,6.497,4.183,72.142,3759.645,84.812
280.469,6.035,7.958,1.273,22.16,4482.291,91.412
438.327,3.578,8.273,4.135,20.498,4274.722,88.616
201.741,6.478,6.926,3.618,41.863,4122.257,87.747
67.008,1.229,7.878,3.001,23.55,4645.614,91.589
14.391,8.887,8.242,3.648,58.802,4190.332,88.981
377.569,5.031,8.115,2.354,37.775,4360.247,89.734
310.155,4.493,6.457,1.123,45.442,4362.788,89.522
352.04,5.859,8.391,3.496,54.18,4212.167,88.337
106.482,6.248,6.942,2.861,21.15,4300.134,89.664
68.186,0.718,6.848,3.377,16.419,4544.272,90.494
7.272,6.826,6.156,2.021,88.162,4192.24,88.089
175.294,2.419,7.215,4.581,43.939,4266.963,87.956
294.959,7.14,6.273,3.143,41.797,4024.887,86.973
196.122,8.225,6.621,0.884,4.526,4355.324,90.976
218.737,8.04,6.792,2.524,50.3,4114.877,88.058
452.079,5.525,8.022,3.904,55.863,4097.831,87.077
174.128,5.202,8.189,4.074,56.325,4251.712,88.514
256.995,1.429,6.756,2.726,70.996,4361.12,88.33
391.827,7.753,8.147,4.526,18.571,4041.31,87.553
198.271,2.714,8.143,1.705,25.97,4657.076,92.125
311.043,4.967,7.912,2.348,81.262,4289.999,88.577
431.182,2.843,6.367,4.544,94.77,3935.037,84.255
474.76,1.338,7.726,4.533,14.457,4286.056,88.117
73.537,6.296,8.363,3.586,50.267,4325.603,89.642
463.294,0.543,7.706,4.365,22.203,4330.874,88.25
246.058,7.486,6.829,0.899,6.947,4381.71,90.994
129.122,3.176,7.251,4.392,33.225,4296.093,88.581
229.568,0.001,7.614,1.943,15.225,4721.851,92.067
490.016,5.111,7.276,1.302,71.283,4254.254,88.363
246.309,0.469,6.3,1.577,53.839,4518.014,89.782
164.376,2.762,6.78,2.381,15.24,4489.178,90.568
316.7,7.07,8.006,1.63,1.915,4421.894,91.321
120.073,0.627,8.154,1.943,81.008,4667.703,91.055
37.932,8.393,6.343,1.107,18.443,4348.063,90.814
64.44,0.038,8.381,1.833,61.015,4798.656,92.388
64.023,2.468,6.822,3.075,34.355,4450.544,89.902
75.951,7.409,7.656,2.488,58.963,4290.39,89.537
69.414,3.163,7.88,2.06,32.25,4624.592,91.872
320.437,1.019,8.03,3.859,9.607,4486.704,90.077
90.94,3.602,8.364,4.521,23.072,4412.627,89.976
172.834,2.704,6.782,3.906,19.618,4326.826,88.883
448.394,8.427,8.146,1.994,43.374,4182.925,88.924
236.981,3.133,6.329,3.85,66.17,4140.418,86.683
333.779,7.889,7.763,1.184,27.117,4342.28,90.518
86.16,8.919,7.855,1.086,2.195,4483.445,92.488
96.145,4.338,7.694,2.055,52.375,4494.168,90.719
20.434,9.099,6.631,4.135,60.97,3962.484,86.745
84.468,3.773,8.183,1.609,96.324,4533.863,90.507
139.295,9.641,6.422,0.785,59.358,4193.349,89.232
88.505,0.893,6.134,1.093,47.646,4619.95,90.991
44.351,6.87,7.794,4.364,57.767,4161.712,88.101
60.318,4.938,7.189,3.352,92.862,4220.876,87.762
230.389,3.876,8.123,1.639,83.009,4473.296,90.066
103.167,6.327,6.958,2.999,32.975,4262.077,89.189
182.135,7.039,6.421,2.874,24.488,4162.686,88.494
251.709,0.044,8.091,3.449,27.001,4582.127,90.564
345.197,1.67,7.372,1.549,50.938,4524.342,90.235
19.656,7.13,6.473,4.39,74.661,3992.645,86.319
399.705,6.664,7.801,1.892,50.819,4256.197,89.053
313.95,9.66,7.278,3.624,7.712,4009.997,87.921
40.88,7.61,7.511,0.573,72.634,4447.595,91.033
436.789,9.508,7.152,2.177,80.791,3942.166,86.466
460.436,7.025,8.072,2.083,29.66,4258.099,89.392
30.539,2.981,8.074,2.946,66.748,4515.03,90.377
138.439,1.054,7.773,0.827,43.233,4786.249,92.746
403.101,7.818,6.264,4.056,89.023,3750.283,83.958
374.13,6.441,8.097,1.48,84.677,4283.218,88.918
92.261,0.482,7.678,3.547,53.018,4536.827,89.983
104.675,3.601,7.743,4.114,69.459,4291.53,88.301
185.236,9.568,6.907,3.028,88.452,3939.98,86.386
242.261,5.004,8.198,3.834,50.076,4264.939,88.65
309.127,4.327,7.813,3.478,32.012,4298.554,88.964
184.457,4.577,6.281,2.1,75.613,4245.855,88.076
231.267,2.089,7.019,4.14,22.787,4322.31,88.622
373.735,3.687,8.216,1.826,39.465,4488.829,90.6
18.342,3.698,6.118,3.07,86.707,4237.262,87.615
126.218,0.524,8.404,3.854,72.718,4520.203,89.632
356.675,7.676,7.698,2.205,40.977,4205.185,88.945
447.603,4.165,7.578,1.862,22.26,4395.025,89.977
255.839,8.222,6.676,2.567,36.241,4099.443,88.099
266.057,8.503,6.622,4.181,29.126,3927.659,86.536
53.586,2.12,8.355,4.685,18.433,4497.394,90.426
223.706,6.574,6.746,2.953,74.59,4089.571,87.122
266.309,4.723,7.939,3.477,25.955,4325.011,89.407
121.235,8.802,6.983,4.565,45.963,3949.186,86.673
134.622,2.157,6.348,0.943,39.2,4586.886,91.124
188.642,6.778,6.027,1.544,98.226,4118.565,87.237
10.036,6.078,7.361,3.69,39.718,4278.729,89.213
161.04,2.953,8.439,4.207,8.918,4477.253,90.569
105.724,1.366,6.923,4.357,9.893,4415.673,89.468
163.749,6.516,6.893,2.368,59.485,4225.836,88.618
59.881,7.386,6.86,0.902,60.337,4375.907,90.371
445.264,3.156,7.301,2.47,42.457,4317.775,88.7
296.796,6.448,7.102,1.538,43.753,4298.016,89.477
339.551,3.951,8.2,1.81,6.339,4558.921,91.711
394.586,7.132,7.264,3.975,52.138,3970.687,86.325
249.221,1.992,7.269,0.84,50.969,4616.796,91.256
43.46,8.902,6.346,4.224,15.805,4013.733,87.65
268.553,2.874,8.457,2.425,11.28,4602.692,91.776
293.421,3.678,6.625,3.182,13.234,4287.194,88.843
372.72,0.581,6.183,0.903,11.002,4590.588,90.97
215.83,1.115,7.658,2.018,61.361,4577.582,90.497
63.79,5.159,7.488,0.904,20.452,4627.747,92.621
141.888,2.676,7.038,4.827,25.892,4264.568,88.19
181.541,8.355,7.055,4.133,18.184,4047.402,87.799
322.959,0.147,7.963,2.568,95.826,4478.954,88.875
285.389,3.791,6.489,1.506,85.607,4294.851,88.23
178.048,3.373,8.051,4.701,23.819,4329.674,89.071
493.258,0.193,7.622,2.051,33.429,4533.968,90.063
302.887,1.244,7.047,1.224,21.779,4625.113,91.406
118.613,4.136,7.145,3.034,49.696,4345.564,89.2
50.891,4.929,6.642,4.747,2.941,4211.703,88.566
76.43,4.043,7.88,0.517,67.465,4661.014,92.148
122.979,5.309,7.282,1.572,52.793,4438.519,90.45
80.341,5.951,6.802,4.723,89.965,3990.246,85.788
93.284,0.099,7.49,1.27,17.275,4835.87,93.216
142.548,4.641,8.489,1.01,80.607,4583.439,91.421
86.687,9.635,7.088,3.066,79.404,4018.33,87.28
448.383,5.19,8.302,4.378,13.591,4181.454,88.236
40.117,6.775,6.863,2.647,40.457,4281.81,89.446
262.256,3.119,6.137,4.976,17.845,4093.379,86.691
205.198,7.74,6.511,3.556,26.217,4053.404,87.594
491.189,7.729,7.047,0.833,27.061,4235.162,89.4
56.019,5.213,6.549,4.968,56.067,4057.342,86.577
198.928,9.76,6.001,2.336,41.73,3995.574,87.466
484.735,1.256,8.288,1.793,94.826,4454.625,88.975
432.754,0.169,8.11,3.01,13.511,4558.052,90.496
408.536,7.702,7.856,1.869,97.396,4114.496,87.481
128.951,8.072,6.42,0.889,23.833,4337.328,90.556
85.444,1.202,6.301,0.506,77.515,4621.594,90.801
334.322,2.656,6.169,2.523,34.558,4295.52,88.406
464.688,0.176,7.81,4.266,15.165,4382.968,88.731
278.381,2.933,8.322,3.075,85.931,4366.953,88.69
285.806,7.731,7.076,4.996,31.577,3915.362,86.157
139.99,5.18,6.298,1.791,66.227,4289.276,88.784
384.746,3.481,7.281,1.762,57.078,4371.317,89.187
93.522,3.717,6.872,1.219,47.704,4537.282,91.011
161.84,0.014,6.937,1.238,50.086,4688.109,91.384
212.718,2.998,7.553,1.783,73.492,4473.756,89.902
253.805,6.465,7.797,4.068,9.69,4203.391,88.876
121.205,9.742,6.277,4.576,67.15,3788.061,85.132
57.418,8.471,6.089,4.888,89.685,3788.498,84.529
305.31,0.236,8.486,1.545,6.721,4816.158,93.165
144.315,8.986,6.582,4.466,14.925,3960.311,87.15
290.619,7.832,6.135,1.977,71.947,4034.941,86.98
77.181,7.804,6.475,1.008,44.291,4329.33,90.192
240.57,4.58,6.097,4.415,40.951,4037.043,86.335
266.295,3.98,6.98,3.362,14.56,4300.436,89.053
25.912,3.029,8.006,1.241,51.17,4709.717,92.494
168.302,0.657,6.853,2.434,13.528,4597.833,91.04
67.207,2.282,7.11,1.793,48.185,4587.688,91.08
31.687,2.466,7.689,3.816,76.598,4394.998,88.924
494.98,4.841,7.272,2.54,26.568,4230.521,88.492
161.177,7.474,8.154,4.952,48.598,4068.679,87.443
404.937,4.738,8.165,0.746,99.21,4404.081,89.47
127.32,0.578,6.025,2.098,68.978,4462.182,89.106
340.751,9.578,7.945,2.669,84.294,4009.797,87.128
380.114,9.427,7.152,2.764,42.07,3993.214,87.34
297.819,7.852,8.472,1.922,77.018,4259.498,89.18
235.788,9.913,7.208,3.782,5.01,4019.071,88.115
205.92,5.445,8.467,4.436,13.168,4301.55,89.517
174.434,9.628,7.886,4.724,21.104,4005.409,87.731
464.765,0.756,6.622,4.123,40.793,4198.088,86.8
415.31,3.657,7.346,4.328,84.729,4041.885,85.669
482.513,2.254,8.48,2.977,35.28,4425.78,89.581
62.149,1.958,8.144,4.216,65.807,4432.127,89.251
365.434,1.408,6.243,1.866,71.222,4342.202,88.132
469.17,6.224,7.766,2.293,59.032,4183.422,88.111
90.617,7.813,6.864,1.926,36.367,4285.081,89.831
33.248,5.783,6.017,2.603,58.128,4219.391,88.348
370.56,1.47,7.009,1.785,34.884,4493.829,90.03
287.237,8.111,6.587,4.827,9.304,3908.176,86.422
420.914,6.36,8.047,1.908,99.288,4186.927,87.784
69.886,3.882,6.843,0.941,13.591,4634.005,92.369
397.634,6.741,8.069,2.871,8.162,4267.606,89.617
100.814,2.599,6.001,0.757,87.975,4468.146,89.581
81.828,3.452,6.77,0.997,30.882,4601.937,91.746
82.133,9.175,6.603,1.487,65.379,4180.998,88.909
407.287,2.905,6.584,2.59,33.572,4283.395,88.37
332.599,4.7,6.17,2.45,39.754,4191.282,87.925
261.533,8.901,6.468,4.099,26.949,3907.184,86.473
179.415,7.077,7.389,3.828,34.961,4142.633,88.2
438.6,0.622,6.728,2.418,41.659,4397.277,88.743
196.223,1.473,7.043,2.002,72.321,4487.777,89.596
408.3,0.078,6.942,1.924,51.642,4490.451,89.412
219.567,6.309,8.19,3.983,94.413,4106.608,87.015
188.472,4.477,8.263,0.734,5.146,4724.527,93.537
231.34,1.343,7.232,0.558,50.804,4683.055,91.725
150.689,9.579,6.825,4.08,58.838,3902.556,86.311
373.805,5.297,6.267,2.647,92.1,4026.053,85.929
251.36,2.419,8.384,1.089,5.867,4771.094,93.378
116.106,5.006,6.151,1.56,57.776,4335.144,89.275
449.787,6.796,6.744,4.696,85.509,3769.063,83.874
191.946,0.762,6.745,4.368,24.951,4353.746,88.517
271.776,2.747,6.801,3.694,87.753,4161.951,86.566
453.236,8.07,6.411,2.67,2.885,4038.199,87.774
312.119,4.597,7.958,2.841,73.513,4278.727,88.431
58.449,5.466,6.306,4.889,93.378,3952.495,85.231
469.916,4.328,7.587,4.846,66.063,3990.639,85.544
313.854,0.439,6.31,1.469,44.464,4516.286,89.85
167.453,1.657,6.176,4.15,5.443,4325.149,88.694
69.636,4.455,8.274,1.388,92.091,4546.827,90.884
397.013,2.092,6.475,1.461,47.559,4403.223,89.184
310.036,0.5,8.053,3.542,3.871,4563.322,90.744
266.731,8.436,7.362,2.323,69.292,4110.133,87.939
446.946,9.812,6.195,4.692,48.702,3638.796,83.845
394.299,7.931,8.389,0.901,13.31,4428.467,91.531
75.837,8.538,6.617,2.802,22.213,4172.317,89.062
155.861,2.42,8.149,4.633,7.385,4437.888,90.031
124.245,9.606,6.422,4.569,57.855,3827.205,85.575
371.973,1.969,8.135,1.204,62.581,4583.436,90.799
16.766,9.514,6.033,2.15,51.068,4102.085,88.364
284.945,9.948,7.279,3.286,81.893,3895.672,86.122
381.229,7.117,7.924,1.217,86.24,4251.677,88.79
438.383,9.811,8.337,4.856,61.947,3814.432,85.468
171.041,5.695,8.273,4.616,2.263,4290.847,89.594
410.629,2.595,8.049,1.251,69.828,4505.038,90.131
55.316,4.37,8.22,1.045,42.382,4686.608,92.753
423.226,5.936,6.498,0.884,56.99,4238.997,88.601
63.744,0.731,6.71,4.592,65.259,4312.866,87.695
198.644,6.223,6.722,1.371,35.673,4353.271,90.043
398.648,9.812,6.943,2.373,91.793,3883.437,85.86
74.959,1.901,6.983,2.52,14.264,4585.287,91.281
114.626,7.926,7.361,3.196,67.48,4128.014,87.983
361.126,9.079,6.4,0.823,1.432,4220.313,89.913
360.018,9.437,7.728,1.52,92.54,4083.829,87.744
320.574,9.601,6.419,4.692,12.138,3808.09,85.84
346.974,5.215,6.776,4.588,10.394,4063.789,87.098
271.362,9.773,7.258,4.016,33.968,3931.985,86.912
125.9,7.573,7.991,0.587,37.983,4522.809,92.12
172.848,1.617,7.849,1.972,22.216,4676.023,92.023
90.799,4.769,7.614,3.326,58.927,4327.099,89.112
454.225,7.183,6.389,1.738,44.848,4089.133,87.598
291.696,2.473,7.368,4.593,4.383,4299.162,88.69
200.426,6.406,6.219,3.353,32.646,4100.8,87.603
231.003,6.666,6.943,0.824,81.233,4300.715,89.195
473.642,1.627,7.034,4.591,69.28,4087.595,85.671
76.676,5.651,6.1,4.81,72.762,3962.553,85.593
293.115,7.716,6.685,0.85,70.114,4210.928,88.723
252.944,4.989,8.389,2.896,31.786,4409.858,90.277
305.727,0.121,8.384,1.865,10.867,4771.246,92.64
9.055,0.09,6.881,2.268,27.974,4696.309,91.71
436.062,3.57,6.108,1.308,83.347,4216.693,87.405
466.059,9.262,6.448,3.101,98.067,3742.381,84.222
282.567,2.287,6.981,4.811,49.891,4161.56,86.803
348.325,6.344,8.369,2.764,1.96,4365.297,90.536
461.25,2.221,6.353,0.873,14.864,4476.597,90.284
353.619,3.217,7.909,3.29,32.886,4358.462,89.221
76.27,8.48,6.272,2.031,58.28,4145.355,88.415
288.144,7.289,8.453,4.352,8.434,4184.777,88.95
303.358,0.954,6.954,2.456,94.392,4361.636,87.959
212.065,4.287,7.938,1.368,37.143,4562.361,91.538
368.222,0.292,6.856,1.36,91.346,4468.263,88.857
467.184,4.809,7.569,3.959,78.272,4030.393,85.964
462.784,6.624,6.48,1.695,75.788,4064.304,86.872
225.42,1.185,6.365,3.953,61.065,4247.159,87.216
56.619,2.889,8.345,1.426,63.052,4693.012,92.166
492.421,3.978,8.294,1.948,64.162,4361.2,89.164
419.449,9.195,8.219,2.595,63.243,4066.421,87.79
62.331,9.933,7.564,4.744,55.819,3942.489,86.846
460.421,0.449,8.021,4.693,98.655,4182.812,85.976
434.948,7.61,6.173,1.431,73.497,4029.195,86.84
259.419,3.717,6.837,2.112,77.918,4301.092,88.347
295.638,3.925,6.784,1.172,87.374,4342.4,88.728
199.501,7.543,7.589,2.795,22.348,4257.838,89.618
27.381,9.184,6.89,2.573,9.297,4240.23,90.065
167.599,9.509,6.371,4.553,48.807,3824.908,85.614
401.427,5.771,7.491,4.685,51.894,3987.552,86.088
2.316,3.571,8.036,2.226,83.089,4535.094,90.591
166.75,7.875,6.955,2.713,44.935,4157.23,88.486
199.084,2.51,6.331,4.533,57.514,4139.689,86.575
268.698,5.641,6.492,4.13,53.18,4013.408,86.294
459.928,3.586,6.594,0.516,4.782,4488.908,90.917
173.173,6.566,6.75,1.94,61.906,4242.233,88.773
173.477,2.404,7.607,2.398,82.976,4448.01,89.372
368.751,1.916,7.502,1.534,16.593,4583.507,91.244
226.109,9.182,7.74,1.398,59.839,4242.361,89.58
112.302,1.018,6.906,0.67,59.767,4697.035,91.678
226.22,5.06,8.06,3.395,17.254,4365.886,90.004
70.429,2.209,6.51,1.681,13.223,4610.806,91.638
88.193,0.389,7.173,0.736,98.025,4684.092,90.977
249.184,0.36,8.002,1.539,39.978,4723.736,91.946
209.463,1.752,6.45,4.109,23.515,4294.807,88.239
457.423,8.668,6.275,4.332,17.961,3796.277,85.383
181.197,2.825,8.209,2.674,67.093,4487.518,90.052
290.294,9.505,6.857,2.372,61.335,4005.454,87.293
316.132,5.816,7.71,4.9,64.712,4002.633,86.124
6.547,4.366,6.063,1.403,9.713,4525.077,91.463
331.769,5.801,7.725,1.469,89.46,4290.751,88.753
89.018,5.167,6.79,1.813,39.537,4415.752,90.312
480.535,7.588,6.139,1.277,32.024,4102.492,87.981
74.331,2.825,7.525,2.207,46.774,4559.777,90.978
207.312,3.531,6.602,4.599,39.617,4140.911,87.072
42.675,8.941,6.967,3.269,86.494,4028.422,87.102
498.437,9.465,6.201,2.354,92.997,3776.329,84.673
251.098,8.926,6.368,4.705,31.042,3832.394,85.691
297.693,4.194,6.745,0.718,86.53,4371.056,89.104
33.538,7.804,6.224,1.446,78.371,4214.122,88.699
374.98,4.763,8.277,3.046,93.15,4211.099,87.608
104.953,4.975,6.015,3.27,25.329,4222.608,88.465
449.027,2.047,7.21,0.678,58.119,4510.073,90.134
102.57,5.911,6.308,2.314,28.18,4296.235,89.454
95.344,1.861,6.769,3.421,82.585,4328.89,88.021
18.275,3.316,8.315,3.641,1.527,4589.409,91.874
236.033,8.55,6.404,3.372,56.917,3943.895,86.435
282.421,2.071,8.415,1.943,34.581,4633.294,91.608
32.854,0.712,6.514,0.921,32.946,4741.467,92.299
387.764,0.69,7.854,2.422,64.846,4485.114,89.41
226.644,9.408,7.367,1.079,85.297,4174.421,88.714
262.195,5.069,8.211,4.764,61.31,4137.511,87.283
220.381,4.094,7.385,2.638,85.464,4288.846,88.262
200.382,8.109,7.336,1.928,27.195,4280.853,89.969
279.82,8.358,6.489,3.948,52.431,3891.343,85.897
77.62,3.322,6.416,2.741,45.603,4371.369,89.254
90.964,6.936,8.291,1.895,2.153,4543.01,92.489
430.893,7.711,6.82,4.154,56.124,3853.317,85.285
473.058,6.547,6.93,4.402,66.491,3855.966,84.859
186.655,1.516,7.9,3.529,59.6,4448.778,89.347
135.372,8.759,6.847,0.711,73.892,4260.161,89.49
322.0,5.391,8.38,3.048,57.563,4287.498,88.917
204.367,2.825,7.845,3.935,7.608,4432.363,90.095
12.693,4.252,7.494,1.114,12.528,4693.914,93.09
78.076,0.376,8.202,1.529,60.051,4789.396,92.406
357.986,1.279,6.124,4.471,28.223,4165.906,86.76
329.462,7.655,6.643,0.591,8.885,4339.937,90.607
13.548,0.0,7.163,3.887,43.531,4533.691,89.902
110.986,4.166,6.567,2.632,55.878,4318.015,88.871
115.537,5.225,7.86,2.51,33.546,4448.813,90.72
335.946,0.546,8.298,0.532,72.323,4736.672,91.807
9.855,9.731,7.059,4.187,64.733,3966.28,86.935
52.054,2.261,6.855,2.119,33.949,4566.624,91.005
399.958,3.042,8.404,2.933,75.732,4343.5,88.59
89.272,3.039,7.112,3.548,65.221,4329.379,88.553
326.373,2.304,7.223,3.662,64.107,4249.47,87.545
119.091,0.015,6.879,4.802,55.789,4335.86,87.805
49.721,7.293,8.274,2.891,2.128,4444.496,91.612
121.586,9.668,7.422,2.299,69.954,4128.241,88.483
361.133,2.243,7.905,4.792,38.228,4242.207,87.713
427.848,6.63,8.03,3.389,94.318,4029.918,86.345
415.11,7.419,6.855,1.842,81.98,4058.83,86.994
198.592,8.484,7.084,1.069,59.182,4259.643,89.55
334.043,4.226,8.121,4.291,25.966,4252.701,88.535
102.492,3.029,6.908,2.13,21.168,4532.785,91.025
146.574,3.253,7.985,3.472,34.698,4445.942,90.088
448.168,7.126,8.352,2.619,48.18,4196.626,88.622
6.501,8.168,7.558,1.395,30.31,4444.023,91.587
42.754,1.816,7.854,3.208,51.978,4548.508,90.51
103.943,3.709,8.013,0.773,17.372,4751.782,93.457
13.266,9.019,8.113,2.36,97.794,4222.066,88.949
90.718,8.067,6.988,2.96,11.685,4230.712,89.61
291.521,9.849,6.128,2.462,93.262,3841.88,85.441
210.712,7.542,7.005,3.869,91.444,3948.198,85.83
446.336,3.932,7.684,4.226,53.011,4120.086,86.85
408.722,5.906,7.126,3.971,72.766,3970.316,85.747
170.909,6.61,7.872,0.675,44.169,4515.476,91.696
129.712,0.785,6.892,1.374,63.373,4621.057,90.812
189.846,5.445,7.587,2.915,34.717,4330.607,89.592
295.147,7.093,6.466,4.707,30.815,3912.071,85.941
134.032,1.673,7.873,4.257,58.245,4394.446,88.864
312.074,7.806,7.364,4.291,50.315,3960.301,86.442
204.706,5.838,6.51,1.864,58.374,4253.585,88.703
276.024,9.522,6.73,2.433,29.379,4056.845,88.131
218.063,0.424,7.872,2.618,37.329,4620.434,90.958
147.233,2.653,7.207,1.208,9.306,4674.942,92.452
474.227,6.016,6.54,0.64,6.175,4339.786,90.141
381.803,2.966,8.418,4.761,26.092,4274.346,88.372
70.057,7.144,7.788,1.583,8.35,4511.519,92.175
434.234,7.59,8.393,1.58,11.274,4362.14,90.786
243.716,1.025,7.068,0.875,81.48,4583.18,90.325
447.276,5.139,7.188,4.678,4.848,4060.684,87.1
399.928,5.089,8.245,3.109,66.235,4226.727,88.132
212.607,3.693,7.313,3.502,27.983,4334.186,89.17
11.235,9.329,7.768,4.602,87.283,3969.964,86.626
134.339,8.275,6.63,2.055,49.014,4178.563,88.778
270.817,6.972,7.117,3.297,31.252,4135.486,88.134
316.739,7.143,6.309,0.675,52.246,4243.377,89.054
128.944,4.617,6.515,1.34,38.814,4444.49,90.442
69.678,9.21,6.002,4.241,56.866,3867.107,85.865
417.465,6.946,6.098,3.95,12.339,3934.063,86.301
492.201,7.29,8.443,2.078,99.702,4126.537,87.455
262.845,8.617,6.606,2.196,43.13,4092.496,88.079
85.84,2.741,7.658,2.901,35.475,4524.823,90.716
136.154,8.071,8.098,0.501,71.311,4445.433,91.162
9.195,1.952,7.377,1.586,37.026,4702.835,92.244
457.149,3.453,6.383,1.437,83.494,4226.348,87.465
58.876,3.356,7.82,1.627,45.973,4630.123,91.848
288.258,9.785,7.501,4.127,72.236,3859.541,85.809
137.028,8.565,7.828,1.759,11.638,4386.901,91.322
277.089,7.012,7.924,1.362,84.766,4297.591,89.232
325.71,7.271,8.439,2.769,73.836,4192.878,88.372
414.871,5.621,7.434,4.395,21.96,4071.459,87.181
103.211,9.471,6.854,1.586,15.383,4270.886,90.396
5.498,4.963,7.621,0.853,32.313,4661.271,92.778
68.443,3.805,6.171,2.104,97.631,4286.986,88.035
450.009,1.63,8.243,3.864,26.426,4378.531,89.01
436.945,7.862,6.298,2.978,46.157,3928.146,86.179
298.707,7.344,6.82,4.176,3.972,4039.884,87.562
300.258,3.844,8.039,4.818,40.326,4199.162,87.741
332.518,0.252,7.493,4.067,57.561,4348.653,87.987
87.686,8.39,6.984,3.217,95.359,4022.637,86.79
457.206,0.114,7.184,2.72,52.157,4407.729,88.59
209.385,7.037,8.136,0.68,82.092,4424.88,90.539
191.569,9.703,6.85,4.929,55.166,3800.812,85.367
259.459,4.377,8.174,2.226,5.038,4536.21,91.625
23.483,2.35,6.22,1.185,32.186,4609.931,91.482
83.142,7.049,7.942,3.5,57.979,4234.215,88.877
369.017,8.171,8.119,1.779,95.109,4150.667,88.007
41.399,5.464,6.455,3.136,86.054,4165.832,87.437
301.576,9.67,7.076,3.14,23.607,4012.021,87.785
122.675,0.517,6.414,2.506,22.791,4558.043,90.508
194.648,5.048,7.767,4.263,20.916,4258.844,88.894
144.347,7.185,7.338,1.692,92.327,4248.547,88.718
177.836,8.626,7.588,2.519,85.414,4115.88,87.893
359.523,1.793,6.491,2.92,77.713,4232.344,87.084
148.561,8.0,6.529,3.486,39.881,4050.262,87.504
283.202,5.527,6.104,4.028,50.934,3987.765,86.026
238.025,3.966,6.805,2.277,46.969,4341.626,89.136
331.836,1.317,7.399,3.407,26.086,4415.267,89.287
468.415,8.653,8.145,1.178,50.998,4227.858,89.364
366.286,1.573,7.667,4.697,4.019,4327.222,88.704
107.47,3.098,7.088,2.224,14.049,4549.745,91.286
15.592,2.9,8.383,3.783,88.772,4429.632,89.279
131.132,8.714,7.798,0.592,75.416,4368.552,90.546
297.539,6.727,8.325,1.423,42.864,4419.358,90.783
25.713,7.967,7.319,2.692,52.198,4247.117,89.339
248.183,2.505,6.647,4.452,37.63,4194.927,87.324
298.421,6.249,6.132,2.873,74.337,4015.62,86.287
167.122,5.717,7.815,4.684,78.635,4086.376,86.793
385.456,8.328,6.303,2.677,76.565,3900.343,85.736
53.299,9.061,6.757,2.707,72.539,4080.221,87.795
37.569,0.122,7.331,1.039,21.246,4861.877,93.443
364.094,6.74,7.411,4.112,34.459,4041.934,87.097
247.746,0.518,7.501,1.611,47.515,4644.191,91.122
344.201,5.489,6.416,4.548,33.749,3972.711,86.036
217.414,2.876,6.949,4.599,75.739,4131.062,86.416
123.201,3.068,7.543,4.745,33.606,4297.608,88.56
409.551,3.53,8.425,2.841,14.685,4447.726,90.389
399.708,6.213,7.819,3.547,40.505,4135.705,87.816
347.348,3.34,8.307,4.003,98.012,4193.597,86.958
136.073,7.327,7.906,1.09,23.362,4500.486,91.969
295.115,4.045,7.479,3.204,61.604,4254.47,88.142
180.487,0.684,6.48,0.654,43.864,4670.423,91.471
45.791,7.838,7.667,2.739,8.031,4361.928,90.89
458.657,2.858,7.558,1.197,49.3,4465.359,90.018
68.409,4.328,7.506,1.323,70.514,4526.685,90.86
475.119,6.854,7.224,2.143,51.809,4124.276,87.781
223.003,3.325,7.322,2.446,87.339,4335.161,88.476
92.566,0.566,6.836,3.304,29.605,4519.397,90.068
270.95,3.739,7.298,0.835,9.539,4604.822,92.075
436.473,9.444,6.494,2.767,93.72,3794.827,84.844
366.112,6.417,8.013,1.322,38.441,4388.306,90.424
403.281,6.715,6.464,3.083,58.064,3984.647,86.28
329.392,6.323,6.212,3.368,79.408,3944.756,85.55
346.138,1.99,7.091,3.005,33.107,4369.763,88.964
424.598,4.183,7.646,3.822,71.9,4117.077,86.707
124.834,7.509,7.094,2.01,14.406,4341.705,90.526
244.712,1.014,6.692,3.943,29.838,4342.172,88.427
110.605,2.779,7.395,2.447,15.326,4569.916,91.379
493.834,2.763,6.868,2.679,81.312,4171.167,86.728
472.03,4.32,8.332,3.416,23.042,4293.462,89.0
19.713,9.804,8.307,0.583,72.023,4428.313,91.504
352.788,0.675,7.256,3.443,94.387,4282.377,87.082
462.624,5.187,6.82,3.284,53.249,4056.446,86.588
90.288,1.794,7.843,1.894,54.463,4651.1,91.504
283.973,9.707,6.092,0.886,46.642,4099.962,88.445
457.744,1.133,7.187,0.909,33.263,4575.721,90.764
16.973,4.036,6.841,4.655,48.09,4212.163,87.852
348.71,7.379,8.301,3.602,60.678,4105.305,87.66
148.675,7.046,6.03,1.072,98.613,4171.964,87.847
462.198,4.227,7.382,2.105,93.839,4197.538,87.305
485.529,3.465,7.852,3.166,86.353,4179.816,86.974
472.133,3.976,7.213,4.26,89.024,3982.327,85.126
237.107,2.643,6.214,0.696,47.317,4506.378,90.383
431.021,2.053,8.431,1.565,66.087,4536.279,90.318
422.275,4.83,7.295,4.504,89.612,3947.235,85.025
159.55,2.685,7.535,0.541,39.902,4705.576,92.462
414.458,2.875,6.592,1.406,96.214,4275.134,87.652
18.504,6.568,7.209,4.816,42.163,4117.358,87.722
298.135,9.685,7.073,3.26,60.507,3926.906,86.57
115.004,6.036,6.187,1.678,71.271,4249.11,88.589
60.283,0.77,6.265,0.801,95.109,4587.545,90.155
38.477,0.756,8.094,0.627,25.217,4939.218,94.367
348.144,9.514,6.6,1.601,74.867,4000.302,87.109
169.937,2.973,6.487,4.467,52.561,4163.335,87.0
362.383,0.921,7.262,2.372,27.587,4506.667,90.067
32.678,5.99,7.922,3.742,77.884,4246.407,88.482
157.645,6.236,6.155,4.632,55.67,3950.271,85.817
269.746,6.485,7.442,2.336,66.436,4218.586,88.467
395.362,2.674,6.298,1.361,32.967,4396.412,89.437
159.376,0.151,6.091,2.827,48.646,4441.876,88.978
312.946,9.65,6.132,4.586,62.118,3691.332,84.187
442.989,2.509,8.085,4.12,41.086,4267.459,88.016
307.932,6.76,6.295,0.796,20.639,4316.613,89.988
116.48,7.066,6.113,3.617,96.202,3945.67,85.615
12.2,6.1,7.095,3.074,51.635,4287.747,89.191
435.049,3.129,8.11,4.584,73.658,4131.345,86.516
10.635,2.711,6.656,1.051,41.694,4636.233,91.759
437.351,5.977,7.054,2.903,36.158,4125.286,87.684
264.469,8.661,6.1,4.458,41.309,3816.322,85.348
469.534,9.467,7.123,2.345,41.51,3986.604,87.291
399.392,1.059,7.444,2.669,54.874,4415.109,88.92
498.967,1.548,7.427,0.817,54.804,4524.515,90.162
175.356,9.447,6.831,1.752,50.218,4147.459,88.807
383.594,7.365,6.789,1.96,14.344,4194.103,89.007
200.965,8.83,6.267,4.753,50.111,3809.148,85.239
239.938,2.026,6.917,1.772,17.741,4557.731,91.008
313.753,5.876,6.249,2.574,13.487,4189.839,88.526
436.839,7.011,7.916,3.521,93.332,3983.909,86.009
492.042,6.801,8.416,1.23,60.89,4310.729,89.539
384.137,4.082,8.425,2.689,66.29,4344.896,89.011
208.883,0.154,8.163,3.823,40.778,4540.231,90.041
210.679,5.829,7.502,4.401,90.989,4031.333,86.152
368.791,2.531,7.752,3.318,64.155,4304.143,88.159
119.389,4.503,6.713,3.511,77.148,4181.11,87.39
55.237,9.576,7.577,1.068,37.488,4369.481,91.193
177.311,3.99,7.139,4.756,96.041,4058.057,85.817
143.619,8.398,7.205,1.097,82.226,4254.684,89.244
148.154,1.885,7.894,3.986,85.541,4351.412,88.224
116.804,6.725,6.705,1.692,18.047,4370.586,90.543
21.047,9.77,6.795,4.701,27.825,3954.715,87.2
8.937,1.019,8.312,3.74,29.277,4643.21,91.445
493.861,0.083,6.141,3.892,27.82,4218.109,86.928
213.887,4.336,7.214,1.486,85.685,4377.726,89.221
192.163,0.926,8.282,2.494,4.157,4728.125,92.518
339.824,7.484,7.526,3.28,8.534,4163.403,88.794
109.127,9.145,7.366,3.965,28.118,4072.041,88.183
474.981,4.34,6.624,0.968,20.787,4369.579,89.79
393.173,2.587,6.858,4.831,23.954,4128.904,86.826
44.706,4.344,8.13,4.506,79.996,4262.866,88.132
208.79,7.234,7.398,1.717,56.75,4288.529,89.488
439.559,0.091,7.287,4.202,1.571,4380.994,88.821
472.366,5.895,6.249,2.832,43.503,4023.733,86.571
233.701,6.133,6.04,2.578,41.381,4139.937,87.825
306.706,6.377,8.409,1.915,12.281,4452.668,91.317
83.517,2.42,6.942,3.114,67.938,4384.165,88.888
495.584,7.141,7.508,3.785,70.508,3926.519,85.702
115.836,0.914,6.199,2.349,72.368,4436.658,88.917
471.366,1.993,7.708,3.331,73.119,4256.075,87.427
324.823,8.775,8.331,3.647,1.005,4165.294,89.275
303.868,7.387,7.439,3.7,95.438,3961.739,85.879
256.344,0.137,6.315,0.734,81.607,4559.886,89.824
115.335,2.484,7.454,4.369,90.494,4245.7,87.297
88.264,2.144,7.916,2.562,2.549,4678.94,92.407
110.243,2.708,7.016,1.681,93.452,4456.088,89.439
93.219,2.476,8.2,1.588,81.169,4628.438,91.215
389.792,0.625,7.622,2.674,83.885,4400.886,88.358
175.063,4.589,8.248,4.491,10.235,4338.266,89.657
28.921,7.327,7.559,2.203,74.139,4306.514,89.522
484.551,6.067,6.328,3.874,96.032,3807.74,83.937
441.893,6.729,6.774,0.936,68.176,4190.12,88.238
463.876,0.811,6.504,2.642,57.486,4298.739,87.656
497.454,9.515,8.272,4.963,94.617,3717.241,84.081
86.948,8.385,7.901,3.967,44.851,4140.982,88.477
198.121,8.051,7.691,1.447,60.33,4302.096,89.833
379.119,8.23,6.752,2.756,48.157,4002.226,87.01
348.01,9.327,6.46,1.551,93.352,3963.816,86.503
76.948,5.443,7.891,2.343,8.532,4527.145,91.819
407.917,2.003,7.185,4.01,50.611,4212.181,87.217
112.22,6.168,6.564,3.971,69.008,4056.878,86.729
111.909,7.429,7.542,1.526,79.399,4315.318,89.588
268.487,7.379,6.101,4.65,58.719,3824.443,84.871
296.47,5.214,6.815,3.167,90.983,4073.962,86.394
290.043,0.685,7.171,2.21,94.257,4428.408,88.547
45.743,3.711,6.37,2.759,7.368,4437.955,90.419
438.73,9.208,8.462,3.223,40.835,4062.464,87.979
132.8,5.844,6.523,3.02,3.322,4285.054,89.571
64.757,5.383,6.326,2.689,33.612,4294.937,89.228
444.374,2.689,6.509,2.772,54.15,4208.75,87.353
477.826,3.684,7.923,1.294,91.169,4357.405,88.768
431.064,8.953,7.064,4.157,84.809,3757.824,84.416
404.758,6.665,7.414,2.938,13.622,4184.706,88.71
327.621,7.874,6.053,1.09,10.21,4218.342,89.443
275.429,4.543,6.086,3.948,59.337,4030.275,86.072
43.493,6.302,7.115,4.696,53.68,4097.627,87.33
204.227,2.484,8.042,4.763,27.371,4346.828,88.94
186.344,7.055,8.213,2.161,90.046,4279.257,89.008
129.877,4.276,6.217,1.11,92.809,4346.336,88.818
361.71,4.425,7.346,2.833,40.859,4267.466,88.594
247.938,6.493,8.283,1.007,89.14,4400.723,90.064
40.523,9.363,6.97,4.703,39.011,3960.275,87.021
110.092,0.64,8.074,1.326,73.945,4739.842,91.851
341.629,8.247,6.334,1.637,48.118,4090.256,87.896
38.065,2.924,8.338,2.33,13.136,4709.366,92.839
425.603,4.439,7.879,2.224,92.865,4244.939,87.852
247.573,0.219,8.353,4.076,45.956,4501.081,89.617
240.293,3.01,7.692,2.553,73.714,4395.714,89.123
296.204,5.026,6.909,1.268,37.35,4389.887,90.033
412.34,0.562,8.345,1.702,2.869,4724.304,92.383
173.905,4.911,6.689,2.791,10.953,4335.385,89.718
339.008,9.271,6.83,1.164,50.126,4133.378,88.614
282.866,1.054,7.752,3.252,69.306,4417.215,88.795
133.514,7.644,7.913,3.046,34.139,4269.488,89.647
439.315,4.097,8.324,3.716,69.853,4196.535,87.496
398.713,6.552,6.512,4.72,70.165,3811.96,84.383
329.226,2.602,7.995,4.605,70.69,4202.874,87.103
425.291,1.595,7.846,4.757,49.76,4216.992,87.151
433.647,1.605,6.159,1.601,91.574,4275.624,87.322
354.181,0.705,6.968,1.092,49.43,4576.404,90.481
418.507,1.856,6.707,1.86,45.576,4391.438,89.016
348.736,6.642,6.761,4.528,20.739,3975.379,86.539
340.07,8.817,8.457,4.874,31.458,3984.516,87.176
309.306,8.141,7.607,4.367,5.191,4051.9,87.909
376.358,6.851,7.794,0.995,63.72,4321.725,89.635
79.303,1.104,8.442,4.763,25.605,4521.735,90.293
440.435,2.892,6.943,2.405,31.111,4326.755,88.824
435.922,3.098,8.005,0.542,77.311,4518.785,90.344
14.624,2.5,7.086,2.491,33.395,4560.475,91.021
412.908,5.15,8.174,0.707,24.977,4532.74,91.623
64.435,5.356,6.452,2.947,17.737,4314.952,89.579
167.559,3.569,8.369,2.023,77.711,4516.928,90.463
371.754,3.538,6.547,2.63,13.841,4301.194,88.935
80.38,8.286,6.816,3.259,45.922,4109.317,88.12
408.984,7.893,7.89,4.41,51.186,3946.577,86.322
416.067,3.078,6.984,3.479,69.052,4150.548,86.738
253.734,9.138,7.521,2.453,63.695,4095.58,88.06
3.193,9.528,7.111,4.187,81.261,3951.874,86.565
143.519,3.267,7.856,4.575,5.43,4382.089,89.747
308.463,3.544,6.571,1.039,30.348,4461.051,90.37
490.593,5.056,6.146,2.894,28.733,4069.664,86.926
315.907,9.411,6.75,1.78,15.456,4137.527,89.044
129.902,8.763,7.186,0.712,29.629,4385.032,91.183
317.003,1.026,6.42,3.508,31.667,4318.04,88.171
269.993,3.927,6.887,4.382,52.667,4113.758,86.789
389.923,5.534,7.0,1.233,66.707,4271.629,88.709
53.49,5.031,6.143,4.156,38.729,4142.993,87.552
380.514,1.939,7.458,4.34,72.228,4180.155,86.661
270.633,8.588,8.211,4.615,34.28,4026.347,87.497
481.496,6.769,6.379,1.694,29.738,4129.863,88.032
170.936,8.379,7.495,4.568,54.578,3979.096,86.759
316.311,8.588,7.662,1.943,3.348,4277.653,90.319
466.014,7.484,7.048,2.986,8.899,4081.298,87.969
51.255,4.392,7.753,0.727,42.379,4672.555,92.619
468.614,6.105,7.027,0.697,94.348,4204.659,87.935
343.943,1.604,7.262,3.742,72.43,4254.978,87.307
33.919,6.736,6.018,2.5,9.725,4278.591,89.71
150.482,1.793,7.729,1.653,84.785,4573.16,90.422
354.086,6.939,7.653,1.357,73.498,4258.636,88.933
33.675,2.296,6.096,3.515,61.484,4303.517,88.109
291.085,1.176,6.921,0.502,82.209,4573.146,90.262
172.942,1.653,8.448,4.127,41.007,4480.98,89.896
310.458,0.02,7.052,0.857,22.929,4717.44,91.951
22.871,7.187,7.255,1.362,51.69,4415.13,90.791
435.768,7.324,8.275,2.238,55.335,4208.921,88.733
486.744,5.149,7.793,2.682,54.294,4201.701,88.019
484.439,1.614,7.455,2.097,56.942,4398.984,88.905
374.826,0.836,7.995,1.943,94.922,4486.097,89.162
65.043,0.191,8.161,4.838,90.322,4409.599,88.25
379.132,1.657,7.142,3.387,87.696,4227.679,86.897
12.293,8.909,7.188,0.605,80.34,4345.977,90.329
11.062,2.415,6.965,2.436,94.399,4437.836,89.159
161.805,3.543,8.417,4.438,10.751,4418.382,90.139
244.322,1.053,7.743,1.857,27.247,4659.308,91.637
385.204,2.224,6.208,0.926,50.011,4424.452,89.411
341.648,5.192,8.157,3.913,84.807,4124.417,86.954
222.951,6.078,7.201,3.227,51.011,4180.059,88.114
136.813,2.454,6.172,3.066,75.055,4269.354,87.679
498.562,0.577,7.374,0.741,14.757,4655.659,91.582
213.091,3.91,7.043,1.132,25.989,4537.027,91.283
225.694,2.342,8.194,3.301,73.446,4412.45,89.093
81.812,2.196,6.51,1.435,17.309,4622.178,91.707
397.405,9.599,8.066,2.768,35.784,4079.582,88.318
346.841,6.163,7.394,2.952,27.222,4208.211,88.659
110.385,5.569,6.137,1.776,35.636,4331.17,89.626
41.191,4.158,8.43,4.768,71.124,4295.439,88.49
340.25,4.289,7.282,4.291,37.417,4139.614,87.309
327.256,5.409,6.727,3.751,55.971,4051.629,86.579
136.63,6.964,7.174,0.851,10.893,4493.938,91.92
475.432,7.021,8.145,0.978,80.697,4266.523,88.965
75.529,1.717,6.762,2.718,37.619,4505.625,90.195
216.167,5.001,6.482,1.223,65.205,4337.298,89.221
471.808,4.12,6.323,4.902,72.814,3854.538,84.053
209.864,8.705,6.745,1.213,21.756,4269.423,90.088
319.263,6.314,7.95,2.694,88.583,4173.145,87.74
198.797,5.325,7.179,2.139,62.006,4314.389,89.121
137.108,1.154,6.569,3.377,43.444,4406.008,88.972
491.989,6.056,6.415,1.081,19.051,4246.564,89.092
204.667,1.172,6.832,2.436,94.288,4390.029,88.309
447.05,3.372,8.35,1.736,75.752,4417.732,89.431
114.977,1.428,6.858,4.495,21.594,4364.17,88.854
106.552,6.921,8.47,0.683,34.433,4610.588,92.838
15.567,2.063,7.213,4.612,81.158,4286.905,87.676
325.833,3.919,6.448,4.248,69.872,4021.353,85.69
184.263,8.957,8.228,1.839,76.813,4245.284,89.372
432.179,2.043,7.151,4.052,44.679,4202.302,87.189
236.605,5.078,7.774,0.64,71.931,4497.304,90.777
484.097,4.193,8.459,4.851,39.263,4130.628,87.171
92.763,0.181,6.125,2.87,21.915,4526.303,90.098
434.312,7.928,6.242,1.865,63.635,3996.892,86.711
388.298,0.69,7.801,2.132,97.625,4443.029,88.661
385.461,4.743,6.705,0.799,31.749,4397.217,90.077
422.392,5.607,6.461,4.952,46.636,3866.061,84.876
380.512,6.284,6.098,0.677,67.726,4202.238,88.23
313.11,6.886,6.055,3.447,54.609,3950.664,86.026
65.622,2.533,7.936,2.492,84.499,4515.944,90.074
16.263,0.1,6.336,4.77,76.413,4290.65,87.172
460.424,7.234,7.169,1.607,6.771,4250.754,89.61
308.325,5.357,7.515,2.894,99.844,4140.357,87.012
398.269,8.361,7.071,2.671,75.488,3971.859,86.472
240.761,8.214,6.068,3.663,86.526,3836.359,84.962
58.654,8.433,7.959,0.806,65.469,4433.343,91.209
62.593,4.851,6.026,1.372,85.772,4320.035,88.798
342.783,3.336,7.905,1.466,12.126,4581.461,91.694
215.153,7.916,8.233,3.822,35.426,4166.951,88.69
100.262,4.513,7.082,1.351,87.766,4421.788,89.694
245.797,1.834,7.339,3.081,20.964,4469.267,90.033
32.104,8.55,7.192,1.469,8.746,4411.355,91.591
290.986,8.826,6.973,4.377,79.024,3814.751,85.005
134.497,4.663,8.219,4.74,83.713,4180.043,87.362
398.78,0.757,8.235,2.833,17.103,4568.717,90.743
155.181,3.878,6.84,2.085,85.58,4332.751,88.635
227.61,8.035,7.538,1.553,68.99,4244.888,89.17
5.81,9.018,8.317,0.724,52.488,4500.557,92.186
36.223,2.035,8.405,1.708,83.195,4683.452,91.613
196.247,0.67,7.272,3.444,42.506,4466.212,89.438
239.969,8.774,7.132,2.901,20.205,4124.008,88.67
300.01,3.894,6.697,4.748,29.2,4091.747,86.794
145.831,5.418,8.397,2.283,51.011,4465.575,90.771
347.491,9.681,6.357,3.622,53.602,3808.483,85.453
430.061,0.666,7.45,2.702,80.753,4364.944,88.042
389.925,6.483,6.706,2.807,79.344,4012.169,86.273
19.809,0.741,6.698,1.705,58.555,4635.186,90.989
240.253,3.755,7.012,2.547,78.298,4282.058,88.164
52.465,8.038,8.497,2.619,19.986,4419.734,91.409
121.023,4.335,6.137,3.68,5.956,4256.592,88.807
493.331,9.972,7.446,4.733,87.49,3651.111,83.628
71.248,5.591,6.206,1.982,8.48,4390.335,90.496
249.444,3.212,6.386,0.69,25.422,4533.493,91.044
309.078,2.201,7.099,2.733,69.837,4332.29,88.285
351.232,3.505,7.276,2.95,41.535,4298.66,88.623
279.824,3.725,6.647,1.258,87.755,4337.211,88.612
4.885,0.687,6.791,3.922,30.5,4489.106,89.792
163.231,3.696,6.217,4.932,2.175,4157.771,87.665
258.856,4.642,6.758,4.756,30.765,4077.129,86.856
43.933,7.227,8.416,1.387,58.229,4503.148,91.617
175.313,6.567,8.362,4.439,38.218,4199.806,88.586
16.602,7.088,6.837,3.67,53.952,4146.109,88.048
39.289,0.084,7.427,2.542,87.783,4589.09,90.038
198.462,2.177,8.274,2.933,91.336,4443.387,89.174
66.358,6.617,6.015,4.323,27.331,4050.542,87.217
283.77,4.84,8.027,2.661,46.752,4359.226,89.577
344.732,0.053,8.371,2.179,55.365,4633.396,90.796
400.293,8.045,6.228,2.72,94.962,3858.552,85.049
100.075,7.728,6.404,3.106,99.863,3993.585,86.256
83.741,5.484,8.402,1.351,24.305,4640.411,92.806
52.284,0.665,7.344,4.554,72.971,4373.661,88.206
318.215,7.665,6.035,3.534,38.425,3930.95,86.225
353.238,5.837,6.644,3.35,1.803,4157.356,88.307
15.793,7.82,7.125,0.948,1.916,4515.004,92.477
468.106,7.517,7.732,3.219,46.596,4048.23,87.272
25.986,8.03,7.833,1.044,49.345,4465.674,91.572
270.648,5.18,8.489,0.854,3.234,4662.645,93.148
354.53,1.403,6.719,2.873,69.006,4299.149,87.722
435.485,6.712,7.346,2.313,30.106,4189.768,88.61
357.043,6.205,7.333,3.15,56.429,4116.749,87.465
400.864,7.423,7.014,0.901,30.791,4278.121,89.7
169.725,1.699,6.423,2.439,17.546,4493.452,90.269
407.413,1.95,8.444,1.287,41.31,4631.896,91.491
40.057,8.904,8.133,4.942,23.995,4105.911,88.49
447.408,7.5,7.246,3.025,53.945,4015.482,86.865
273.796,9.082,7.508,3.593,20.684,4059.084,88.109
408.649,7.587,6.568,1.964,51.332,4074.031,87.503
226.159,5.972,7.359,0.926,16.58,4498.496,91.611
321.789,6.541,7.737,4.891,67.426,3961.787,85.906
263.201,8.891,7.288,1.788,75.64,4122.531,88.136
365.795,5.788,8.476,2.407,11.929,4410.699,90.724
40.815,6.324,7.528,3.424,47.312,4279.169,89.216
30.176,1.565,6.927,0.611,8.016,4822.271,93.612
123.552,4.739,7.93,4.146,60.22,4259.245,88.412
79.772,7.164,6.426,2.915,27.176,4198.719,88.865
435.892,2.709,6.961,1.752,53.235,4361.044,88.891
109.607,2.023,6.867,0.777,52.229,4648.628,91.571
487.933,3.138,7.08,1.231,92.511,4298.926,88.006
168.448,2.415,7.954,4.528,55.359,4326.987,88.441
91.059,2.149,7.21,3.587,58.717,4391.913,88.977
394.849,4.249,7.985,1.625,40.764,4444.67,90.314
329.354,9.078,7.441,0.795,94.959,4156.088,88.335
249.098,5.071,6.855,3.608,77.941,4090.779,86.65
277.682,1.879,8.025,3.076,29.255,4503.6,90.307
359.601,0.77,6.596,2.32,84.577,4340.099,87.786
114.227,6.962,6.561,2.136,43.807,4249.664,89.147
498.167,3.828,7.261,1.476,83.038,4272.0,88.038
487.397,8.218,6.652,3.513,82.466,3794.342,84.584
325.163,6.595,6.023,4.868,19.698,3883.738,85.619
99.771,7.962,7.621,1.291,70.413,4344.17,90.126
340.114,2.719,7.278,3.187,29.774,4343.494,88.953
36.099,6.924,7.114,2.409,30.452,4345.364,90.226
15.326,2.641,8.417,2.51,30.338,4690.361,92.392
128.841,9.391,7.428,1.644,72.831,4198.816,89.077
231.311,6.364,8.159,4.213,23.753,4213.199,88.804
434.136,3.245,6.349,2.684,1.09,4284.994,88.813
363.585,2.695,7.423,2.945,71.808,4287.604,87.966
371.353,1.909,8.17,1.871,17.947,4612.818,91.521
212.747,6.946,7.458,1.318,11.344,4437.581,91.346
172.967,2.187,7.795,0.887,24.514,4745.974,92.871
185.519,5.953,6.93,3.714,38.61,4154.026,87.94
493.825,2.646,6.231,1.383,48.115,4309.348,88.406
20.055,6.62,7.145,3.605,5.412,4302.105,89.953
433.516,8.149,6.986,2.257,97.087,3954.549,86.019
289.338,7.78,8.168,2.371,71.89,4202.204,88.637
219.308,7.609,6.61,2.611,32.996,4143.797,88.391
362.629,1.877,8.417,2.155,32.551,4585.937,91.097
243.334,0.884,8.395,0.953,45.406,4787.584,92.687
436.712,6.989,6.619,1.893,62.998,4078.747,87.254
450.351,3.683,6.87,3.487,15.491,4198.002,87.93
210.86,4.323,8.239,3.496,19.704,4413.275,90.233
138.414,0.311,8.417,1.788,86.084,4705.905,91.292
296.175,2.596,7.109,2.57,26.369,4423.199,89.747
456.182,0.337,6.802,1.371,38.639,4520.99,89.925
105.331,8.792,7.315,1.447,87.256,4220.086,88.966
311.483,2.434,7.719,0.604,66.652,4600.828,91.072
315.78,5.573,6.684,4.535,34.829,4008.615,86.41
366.557,0.39,7.841,1.448,68.686,4599.16,90.422
65.784,6.668,6.129,1.524,2.949,4388.311,90.854
357.912,3.23,6.123,1.758,73.829,4248.376,87.715
454.516,8.979,6.966,1.073,49.215,4114.591,88.348
89.842,8.881,6.884,3.377,81.505,3998.71,86.836
118.772,3.253,6.789,0.838,95.509,4482.045,89.841
485.698,9.01,7.228,1.104,92.653,4033.728,87.114
90.488,9.962,6.802,3.401,91.017,3914.685,86.225
427.193,8.254,6.481,2.028,51.705,4015.503,87.114
246.139,8.449,6.774,3.686,36.654,3989.978,87.068
123.616,2.49,8.437,3.008,47.038,4562.496,90.902
435.375,5.767,7.028,1.652,69.3,4192.931,87.966
222.653,0.673,7.112,3.429,88.516,4346.32,87.78
257.409,0.949,7.441,1.023,21.492,4722.666,92.297
179.617,9.989,8.458,2.914,91.901,4081.394,87.892
296.475,3.266,6.604,2.467,81.703,4238.721,87.55
81.762,7.482,7.703,1.705,97.907,4288.991,89.155
195.541,8.067,7.79,3.218,88.145,4079.801,87.337
484.706,8.58,7.518,4.421,28.714,3880.939,86.096
129.067,9.976,6.221,4.995,11.49,3836.311,86.241
328.368,2.415,7.692,3.235,12.112,4436.569,89.969
162.595,0.404,6.16,2.321,29.831,4522.771,90.05
386.737,4.112,7.49,1.513,61.804,4375.12,89.367
65.437,1.301,7.849,1.657,80.628,4660.188,91.186
484.911,0.224,6.527,2.658,90.026,4253.268,86.7
226.895,3.604,8.104,2.153,62.752,4475.967,90.213
118.025,7.837,6.076,4.612,1.557,3992.375,87.259
36.748,5.662,8.11,2.157,19.445,4554.865,92.053
84.879,3.128,7.151,2.181,10.873,4576.458,91.594
259.887,6.543,6.544,2.226,36.969,4200.754,88.601
168.502,2.32,6.334,4.265,50.634,4205.438,87.244
414.442,0.144,8.383,3.429,5.296,4570.468,90.695
215.444,7.644,6.182,3.264,35.499,4030.893,87.247
124.357,6.237,6.498,2.004,18.739,4337.881,90.063
308.572,7.623,6.87,4.181,65.06,3903.341,85.67
353.389,0.389,7.551,0.673,46.963,4697.706,91.624
83.521,8.371,7.362,4.419,50.036,4033.948,87.35
83.81,6.195,6.314,2.807,43.341,4212.323,88.548
18.336,5.634,6.724,2.292,95.646,4261.062,88.344
368.201,6.246,6.597,2.737,22.259,4145.038,88.102
331.902,8.644,6.534,3.503,52.15,3900.581,86.078
237.315,5.869,7.028,0.557,73.866,4387.184,89.894
422.085,5.81,7.76,4.422,56.128,4020.037,86.382
402.835,9.907,6.544,2.51,92.973,3820.627,85.249
292.677,7.567,6.917,2.043,38.419,4185.793,88.744
434.136,4.423,6.977,1.122,46.904,4353.496,89.393
102.921,7.074,8.441,2.478,9.764,4471.668,91.741
55.96,3.892,8.387,2.733,61.291,4520.144,90.756
134.875,2.289,8.0,2.316,29.533,4627.452,91.666
28.543,5.969,6.604,3.554,16.871,4258.579,89.208
265.585,9.282,6.17,2.394,54.909,3970.905,86.945
468.303,9.291,6.792,4.826,53.699,3690.47,84.155
19.672,3.419,6.667,3.197,8.511,4449.213,90.433
61.055,5.277,7.265,4.134,70.123,4178.504,87.667
226.1,2.116,7.944,0.992,62.753,4650.847,91.516
466.938,9.956,8.146,2.288,19.713,4115.09,88.941
158.078,9.811,8.112,2.016,47.474,4245.088,89.919
253.617,6.495,6.899,3.063,72.312,4087.465,87.1
20.786,8.044,7.718,4.375,53.414,4114.879,88.028
74.172,7.151,6.782,0.853,40.153,4418.014,90.924
493.315,5.932,6.152,0.827,32.912,4223.508,88.685
482.559,0.533,7.754,4.326,61.429,4251.937,87.065
2.47,4.548,6.025,1.458,93.972,4340.114,88.826
475.906,6.748,7.023,3.509,67.503,3941.005,85.759
319.56,6.775,6.823,2.943,8.4,4172.704,88.676
433.959,3.731,7.733,4.248,46.608,4151.786,87.171
227.37,9.417,7.916,1.063,89.192,4222.357,89.157
257.798,1.674,6.76,1.084,10.352,4634.34,91.742
244.423,5.004,8.029,3.006,98.899,4232.15,87.834
333.432,6.909,6.735,4.759,94.958,3795.535,84.078
69.826,6.971,7.116,2.367,8.749,4373.854,90.742
14.987,6.486,7.818,1.971,93.408,4366.002,89.672
153.965,2.753,7.732,3.23,36.95,4461.693,90.073
352.34,1.562,8.468,4.687,84.626,4254.614,87.169
100.927,6.359,6.563,4.266,42.42,4076.399,87.248
336.716,5.993,7.656,4.98,44.645,4010.313,86.455
484.956,1.794,7.524,0.602,63.79,4532.528,90.225
46.95,7.051,8.288,1.008,77.673,4496.597,91.305
336.301,4.552,6.391,3.243,4.345,4210.403,88.426
221.875,6.678,7.879,4.193,59.722,4104.427,87.45
434.071,8.374,7.421,1.784,19.487,4189.015,89.207
88.575,1.697,6.687,1.576,35.249,4611.372,91.27
346.313,0.191,7.186,4.041,35.449,4360.843,88.311
419.058,7.791,6.834,0.754,47.437,4214.118,89.004
472.307,6.097,7.448,2.162,34.08,4219.445,88.683
341.624,6.996,8.223,2.776,11.629,4300.747,89.99
248.587,8.382,7.423,3.022,15.417,4165.964,89.02
308.924,8.028,7.579,3.779,4.31,4115.566,88.521
434.452,9.609,7.297,2.097,47.555,4027.211,87.679
285.305,5.359,6.128,3.257,95.49,3985.483,85.508
15.194,4.885,6.582,3.134,12.452,4368.047,90.021
465.474,4.019,7.23,2.964,94.68,4103.532,86.294
344.763,1.537,6.776,3.382,73.603,4242.909,87.154
338.257,5.726,6.454,1.668,64.112,4195.032,88.027
107.838,2.77,7.26,0.881,64.882,4615.751,91.34
329.443,9.213,6.807,1.037,82.846,4085.963,87.795
196.932,5.832,6.645,1.511,11.585,4400.233,90.636
325.616,5.928,7.16,2.751,50.971,4179.738,88.066
53.297,3.549,6.333,4.282,70.012,4160.987,86.975
328.923,0.52,8.319,3.656,59.095,4457.708,89.142
499.707,0.317,8.169,4.051,83.445,4279.242,87.053
24.106,4.233,7.769,2.079,8.155,4628.936,92.478
488.587,0.846,6.266,2.321,69.379,4269.124,87.251
203.454,6.068,7.94,2.272,53.869,4353.925,89.821
435.377,8.81,8.02,1.363,38.537,4230.398,89.562
391.193,8.829,7.919,0.775,34.687,4307.965,90.382
283.508,6.59,6.285,3.159,62.462,4016.378,86.516
369.225,2.112,7.61,4.951,89.209,4097.184,85.713
439.258,8.63,8.086,1.251,50.121,4232.138,89.409
202.07,8.861,7.443,0.71,82.648,4263.953,89.471
163.517,1.967,7.616,4.008,40.813,4399.101,89.173
333.797,7.374,7.146,1.637,11.137,4293.042,90.031
403.923,2.865,7.322,4.233,7.089,4249.438,88.283
381.143,8.026,6.086,3.668,6.082,3937.767,86.725
398.907,9.972,7.597,4.756,38.635,3808.846,85.694
217.792,0.3,6.204,2.34,34.387,4493.663,89.683
408.917,8.974,7.088,3.479,72.076,3863.574,85.607
60.105,6.226,6.732,2.592,74.539,4223.533,88.358
272.245,9.734,7.364,3.338,6.035,4067.709,88.537
2.879,4.65,6.334,2.523,22.891,4401.308,90.179
162.293,8.474,7.729,1.349,28.152,4376.882,91.029
183.231,0.624,7.988,2.786,55.214,4586.959,90.505
198.086,3.353,6.408,2.879,15.307,4355.679,89.41
347.734,0.67,6.261,4.148,14.26,4275.411,87.813
194.279,9.753,6.364,3.81,94.435,3781.713,84.799
224.347,8.17,8.193,3.487,80.616,4088.683,87.532
118.772,8.525,7.32,1.01,18.885,4407.594,91.445
186.626,9.38,7.168,3.743,41.25,3997.742,87.379
113.635,0.851,6.267,2.751,36.207,4479.758,89.691
36.598,3.856,7.624,4.523,79.309,4240.328,87.767
301.724,0.71,8.17,4.639,51.511,4363.656,88.335
334.106,2.108,8.07,0.748,13.657,4732.462,92.82
309.745,2.294,7.565,4.193,74.16,4219.349,87.14
231.747,4.691,6.188,0.67,40.292,4420.845,90.213
189.893,2.686,6.281,2.152,27.03,4429.586,89.831
431.667,1.01,6.123,2.94,38.174,4275.621,87.677
259.541,1.675,6.644,1.166,50.278,4533.653,90.336
239.591,1.473,6.339,3.858,34.968,4284.704,87.939
12.821,9.731,6.65,0.538,24.949,4368.406,91.354
170.624,7.593,6.963,1.259,40.452,4324.533,90.119
190.098,9.678,8.357,3.114,2.898,4239.661,90.271
199.411,4.397,7.526,3.715,77.477,4206.589,87.61
290.086,2.784,8.087,4.625,17.924,4326.18,88.918
266.801,7.983,7.776,3.675,5.347,4166.874,89.01
303.953,3.263,6.281,3.523,65.716,4129.29,86.614
382.442,2.994,7.84,2.275,77.62,4360.375,88.726
406.493,2.325,6.688,0.506,81.569,4435.559,89.237
359.062,1.297,7.598,1.041,49.857,4611.62,91.007
477.762,2.565,6.852,2.905,21.331,4284.916,88.405
9.116,3.553,8.494,3.538,73.986,4465.421,89.98
97.889,6.74,6.659,2.379,70.272,4201.551,88.335
3.781,0.626,6.698,3.788,25.381,4507.042,90.004
323.737,2.105,8.327,2.848,90.437,4399.833,88.725
449.015,8.09,6.062,0.834,11.333,4171.097,89.025
121.741,1.469,7.742,1.364,98.286,4606.861,90.527
463.517,3.426,7.813,4.28,86.165,4077.922,85.946
30.134,8.647,8.091,3.762,69.102,4147.284,88.376
467.218,1.549,8.436,4.526,93.936,4192.023,86.446
175.811,0.827,8.439,1.029,72.509,4766.708,92.19
50.71,4.845,6.163,4.956,19.855,4113.384,87.389
242.936,3.024,8.055,1.442,44.773,4599.002,91.45
128.388,5.634,7.616,0.553,8.079,4644.221,93.052
142.436,8.038,7.618,4.988,39.576,4010.722,87.123
153.645,1.371,6.321,1.765,74.419,4461.37,89.281
401.513,5.807,7.625,3.506,39.258,4142.316,87.773
269.581,5.055,8.456,1.295,33.699,4561.171,91.791
155.654,1.441,8.28,3.111,59.94,4547.105,90.304
305.167,6.24,7.098,4.568,87.348,3913.688,85.135
358.075,2.736,6.1,1.941,5.711,4388.626,89.65
136.312,4.878,6.906,3.516,39.162,4248.563,88.558
206.775,0.823,8.066,1.346,16.666,4794.186,93.022
60.943,4.596,7.754,3.312,69.84,4344.273,89.123
90.575,3.065,7.148,2.014,11.467,4591.981,91.725
340.559,8.224,6.138,1.45,66.816,4053.63,87.335
90.719,0.57,7.067,1.909,29.332,4683.279,91.71
262.582,4.186,7.173,1.305,20.693,4504.798,91.097
354.523,4.584,8.321,4.559,93.699,4082.402,86.262
53.438,7.25,7.603,2.287,2.834,4436.647,91.513
283.656,5.743,6.779,1.604,44.34,4299.886,89.278
128.281,6.672,7.313,2.518,3.141,4375.517,90.725
481.463,7.77,6.165,1.942,48.876,3995.265,86.795
241.773,8.622,8.431,3.85,50.604,4104.958,88.13
402.996,3.139,6.9,4.87,32.845,4078.841,86.402
275.113,5.38,7.195,2.471,14.084,4337.616,89.849
21.706,8.401,6.888,4.375,38.262,4043.924,87.577
316.576,9.895,7.706,3.046,67.554,3977.868,87.071
475.702,8.895,7.656,1.208,78.457,4105.277,87.937
300.806,3.715,7.788,3.608,53.544,4274.825,88.327
409.594,1.952,6.67,2.81,59.394,4264.823,87.64
442.103,4.894,6.789,3.428,20.861,4128.674,87.546
114.04,7.416,6.313,4.504,29.446,3994.221,86.873
106.022,4.926,7.639,2.482,17.028,4482.331,91.131
305.49,4.832,6.099,4.555,25.68,4008.723,86.28
205.514,8.382,7.494,3.878,23.264,4093.22,88.214
419.931,3.614,8.174,2.699,52.425,4352.034,89.08
450.012,8.598,8.227,3.214,56.706,4032.943,87.342
176.711,4.068,7.123,1.965,94.55,4334.891,88.624
118.435,3.282,7.148,4.926,20.361,4258.15,88.363
390.263,4.54,6.192,3.503,64.526,4017.756,85.894
137.403,7.624,7.677,0.697,81.909,4384.218,90.31
411.307,1.26,8.053,1.97,56.464,4526.753,90.081
211.869,1.964,6.612,3.305,26.245,4374.037,89.067
333.775,9.514,7.053,0.753,26.992,4233.38,89.918
47.768,1.755,8.097,0.607,4.886,4927.56,94.753
311.93,5.677,8.193,2.525,31.239,4364.463,90.035
225.884,5.793,6.608,1.997,74.716,4209.054,88.081
293.304,4.896,7.376,2.472,5.704,4387.535,90.287
84.007,6.447,6.481,1.682,22.71,4370.115,90.408
368.437,2.298,6.255,1.241,70.917,4360.381,88.584
431.399,5.527,8.278,3.601,78.483,4118.67,87.06
108.37,3.722,8.051,2.816,46.077,4491.145,90.567
47.857,6.617,7.9,1.401,70.109,4454.958,90.833
11.819,1.412,6.122,1.938,39.407,4563.04,90.66
320.986,5.709,8.109,3.163,16.831,4315.024,89.695
303.547,1.853,7.095,0.825,40.417,4601.766,91.169
273.349,2.786,6.856,1.164,58.417,4476.415,90.016
115.974,2.187,7.366,0.83,94.857,4596.602,90.674
195.453,1.828,6.228,4.155,7.806,4302.537,88.496
297.238,8.257,7.892,3.886,51.232,4036.639,87.331
248.383,2.857,7.456,3.89,33.563,4322.446,88.746
493.893,9.271,6.466,3.723,51.323,3761.147,84.88
68.22,9.699,6.471,3.512,3.374,4070.014,88.576
347.572,5.713,6.461,2.646,31.99,4158.02,87.974
202.159,1.43,6.143,3.39,82.167,4238.311,86.99
214.1,3.745,7.469,0.673,55.84,4573.682,91.302
358.799,7.977,8.101,3.297,45.608,4110.947,88.047
346.218,3.674,6.044,4.0,29.267,4088.991,86.699
495.628,0.87,6.123,2.752,30.506,4284.755,87.804
64.197,5.568,7.432,2.109,38.927,4443.966,90.721
52.055,8.451,8.049,1.748,83.722,4314.001,89.838
362.169,7.959,6.817,3.393,96.754,3869.868,85.119
289.193,1.751,6.874,3.618,44.427,4304.631,88.127
137.08,6.728,7.491,4.419,39.942,4122.345,87.842
39.71,2.205,6.686,2.041,84.809,4464.779,89.461
42.829,2.182,6.067,3.964,43.264,4293.209,88.154
447.095,8.741,7.838,3.026,55.65,4009.314,87.159
95.934,2.497,7.564,4.473,23.863,4388.608,89.396
161.686,2.632,7.452,2.875,74.607,4395.993,89.004
113.328,0.007,7.854,2.829,53.667,4638.163,90.847
177.498,8.707,7.688,3.1,81.094,4072.491,87.526
34.712,7.926,6.515,3.872,78.293,3994.04,86.535
259.53,6.273,6.881,4.841,22.285,4016.009,86.819
33.806,7.503,6.315,0.831,71.848,4312.692,89.659
400.178,1.52,6.325,0.74,80.205,4421.894,88.873
116.856,4.583,7.69,4.719,35.265,4239.032,88.413
270.006,3.512,8.147,2.884,18.088,4479.417,90.667
440.04,0.938,8.407,3.267,1.261,4544.548,90.714
325.439,4.861,7.571,2.671,45.639,4292.933,88.931
266.479,9.207,6.46,0.921,35.891,4188.489,89.288
162.167,0.401,6.264,3.956,55.936,4317.787,87.739
166.501,2.915,8.032,3.863,19.616,4448.749,90.166
334.743,2.075,7.447,1.903,86.107,4411.067,88.872
497.07,2.381,7.546,1.878,26.518,4446.12,89.91
330.92,9.084,7.954,4.27,23.417,4001.827,87.509
278.892,4.681,7.758,0.826,48.591,4522.597,91.144
365.325,4.663,8.086,4.465,50.386,4145.532,87.35
232.603,7.606,6.141,1.655,22.293,4207.38,89.133
30.071,1.545,7.869,3.168,27.914,4621.927,91.404
281.148,4.873,8.127,4.712,17.801,4221.707,88.501
478.813,4.3,6.715,3.552,72.128,4017.725,85.746
87.651,5.969,7.601,2.365,77.239,4326.86,89.287
345.002,9.996,6.785,3.603,46.771,3852.429,86.055
100.467,7.694,8.395,2.048,71.695,4356.355,90.155
267.914,3.979,6.084,1.748,73.858,4252.985,87.985
48.338,8.276,7.449,4.985,14.689,4079.117,88.127
225.185,1.707,6.416,3.879,96.652,4162.52,86.171
378.082,0.305,7.781,3.401,82.282,4369.094,87.96
173.786,2.044,6.44,2.099,21.244,4502.487,90.426
332.456,3.404,6.588,0.721,19.43,4511.429,90.941
397.725,5.106,7.236,0.64,13.44,4478.583,91.183
463.589,6.151,8.287,2.994,14.699,4260.569,89.304
117.321,9.106,6.529,3.929,75.068,3895.914,85.94
199.658,5.099,6.361,2.918,47.496,4194.492,88.0
76.208,5.013,7.897,4.284,78.51,4215.628,87.875
496.242,0.502,7.252,0.65,74.879,4537.112,89.773
463.5,0.349,8.279,2.15,60.857,4541.989,89.916
269.979,5.512,6.367,1.567,68.95,4231.502,88.279
421.017,4.382,7.615,2.513,2.817,4374.977,90.036
260.479,8.392,6.582,0.826,31.866,4262.089,89.82
311.793,1.607,6.392,4.794,64.144,4095.306,85.794
44.562,0.25,7.709,1.505,1.925,4881.775,93.873
377.635,4.49,7.484,4.65,4.265,4161.516,87.92
63.857,2.375,7.887,2.417,85.337,4525.713,90.116
413.034,0.496,6.774,4.935,68.718,4115.119,85.613
391.014,7.246,7.12,2.993,27.272,4100.317,87.904
354.372,1.116,7.014,4.689,69.108,4161.294,86.257
18.08,6.083,8.46,0.524,79.453,4621.509,92.246
151.564,2.81,6.731,3.867,31.373,4307.303,88.602
131.556,1.735,6.737,4.564,4.568,4355.67,89.032
180.068,3.798,6.886,1.129,93.345,4409.163,89.297
43.821,8.014,7.411,0.933,35.173,4454.913,91.602
468.479,3.921,6.631,2.411,11.542,4268.653,88.747
276.901,7.508,8.288,4.702,49.694,4045.444,87.21
152.762,1.255,6.664,2.941,77.078,4379.067,88.396
198.491,7.728,8.24,2.874,22.943,4305.081,90.14
223.601,2.369,6.259,1.135,27.68,4526.736,90.701
300.297,6.774,7.641,0.504,25.029,4474.883,91.531
257.84,5.658,8.267,4.146,99.176,4102.021,86.726
459.696,9.291,6.422,0.894,20.543,4117.273,88.755
248.482,3.873,8.421,3.352,57.977,4372.994,89.312
496.079,0.662,7.132,4.616,92.601,4085.319,85.126
425.712,0.192,8.364,1.439,15.543,4739.016,92.292
104.255,8.269,7.692,3.494,97.115,4060.046,87.11
465.298,5.247,6.754,0.854,94.8,4205.365,87.68
58.183,7.752,6.471,3.217,88.573,4031.527,86.755
408.725,2.344,6.759,1.238,22.241,4486.107,90.342
190.312,3.451,6.233,3.812,63.771,4146.835,86.866
438.987,0.301,6.36,1.856,76.328,4363.211,87.959
434.028,9.615,6.262,2.585,98.617,3772.645,84.625
402.963,6.679,7.057,3.197,18.862,4112.853,87.944
395.015,9.332,7.989,1.271,76.837,4154.038,88.572
152.34,2.655,6.353,3.837,34.541,4273.608,88.187
40.46,6.115,6.326,1.862,18.387,4383.656,90.487
201.49,6.785,7.609,3.481,42.716,4187.362,88.482
86.762,3.175,6.493,1.212,79.59,4466.733,89.824
347.476,8.481,6.244,3.597,47.02,3872.917,85.803
173.05,9.472,6.417,1.077,54.215,4165.492,88.954
487.805,8.849,8.309,2.414,99.521,4004.151,86.701
320.486,7.391,8.054,1.612,40.512,4333.325,90.145
411.24,2.775,6.885,3.868,61.925,4133.545,86.549
66.262,2.816,7.64,1.679,37.159,4647.782,91.951
431.007,9.634,7.343,4.468,39.886,3810.591,85.597
461.379,0.103,7.693,4.513,69.868,4242.394,86.756
243.531,7.16,7.707,1.384,93.851,4264.777,88.857
303.126,7.062,7.572,3.262,54.694,4116.879,87.741
382.405,6.227,6.665,0.895,77.072,4220.362,88.301
87.419,9.901,6.098,2.262,9.831,4125.133,89.123
251.283,3.119,7.139,3.71,21.905,4317.506,88.892
199.332,3.4,8.227,3.467,50.711,4404.929,89.562
73.187,0.789,7.424,3.311,2.981,4629.233,91.499
183.767,4.428,8.081,1.771,26.033,4565.606,91.724
34.086,2.61,8.479,2.201,52.223,4675.782,92.019
12.906,3.434,6.409,0.963,2.481,4661.47,92.62
67.583,8.346,7.729,3.736,27.19,4193.927,89.171
481.558,9.355,7.686,2.767,51.889,3979.524,87.083
274.765,1.857,8.45,3.689,57.742,4430.312,89.283
482.911,3.725,8.464,1.62,92.649,4371.367,88.905
216.249,9.286,7.717,1.96,64.889,4173.454,88.872
155.908,0.618,6.609,2.004,42.059,4567.531,90.44
253.071,0.924,7.996,0.616,93.105,4679.13,91.137
219.756,1.628,6.268,2.035,78.703,4374.605,88.447
52.832,5.952,7.952,4.115,20.801,4318.063,89.758
320.413,1.505,8.275,4.538,13.953,4410.415,89.416
108.019,9.681,6.957,2.832,67.905,4038.652,87.612
309.794,4.467,7.577,2.55,56.428,4311.572,88.892
325.101,5.015,7.075,0.639,79.178,4372.0,89.433
76.012,2.467,7.094,4.456,74.142,4254.18,87.54
30.675,4.71,6.776,0.559,62.896,4545.129,91.235
390.381,6.619,7.905,4.751,98.652,3891.944,84.919
229.9,7.512,8.34,2.701,53.825,4265.707,89.372
29.082,7.539,8.352,2.039,12.197,4515.447,92.294
497.433,5.779,6.437,4.659,82.999,3774.137,83.645
28.89,9.044,8.187,0.61,25.933,4539.218,92.846
347.518,8.174,7.844,3.116,77.953,4034.348,87.016
491.839,7.57,6.632,2.97,95.754,3850.239,84.816
119.59,0.556,6.168,1.487,69.983,4540.564,89.873
71.125,0.069,6.67,2.43,60.007,4564.985,90.07
60.692,2.124,8.281,3.435,46.578,4554.807,90.72
151.638,6.635,7.583,3.772,37.077,4199.352,88.613
50.523,4.112,7.803,0.503,35.947,4727.186,93.146
346.081,4.024,6.643,4.716,64.001,3990.459,85.472
31.146,8.846,7.798,1.24,75.376,4347.192,90.372
254.711,8.956,6.07,1.551,68.173,4040.436,87.409
498.348,9.092,6.938,1.686,20.643,4080.22,88.323
406.985,3.139,7.567,0.67,49.905,4529.428,90.737
307.61,6.911,6.365,1.054,79.372,4173.073,88.01
153.127,2.716,8.058,4.939,48.095,4303.324,88.367
311.948,1.906,6.588,1.918,54.126,4407.38,89.104
263.521,1.846,7.631,1.019,77.342,4582.423,90.605
213.042,3.421,7.013,0.981,66.465,4492.648,90.288
65.355,4.3,7.49,3.738,41.525,4344.547,89.32
443.302,8.309,6.269,4.346,89.646,3675.889,83.355
224.892,1.199,6.042,1.656,17.094,4532.02,90.509
97.311,7.349,8.274,0.594,99.556,4452.751,90.737
183.88,5.315,6.674,1.504,12.766,4433.817,90.805
207.065,2.879,8.049,0.754,2.48,4777.022,93.609
413.769,4.928,8.498,0.965,89.112,4421.792,89.805
366.807,2.999,6.529,2.442,25.25,4324.804,88.895
384.652,5.961,6.663,1.535,73.24,4175.982,87.816
5.516,4.338,7.657,2.822,81.291,4401.278,89.501
208.077,1.644,8.414,1.641,86.04,4618.969,90.823
240.672,1.166,8.29,4.732,99.168,4278.749,87.146
9.596,5.467,7.257,4.577,30.11,4229.678,88.636
129.907,9.024,7.988,3.051,71.314,4134.927,88.343
380.145,3.44,6.339,2.095,12.425,4337.545,89.283
68.555,7.33,8.444,2.215,41.274,4439.518,91.181
267.655,6.587,8.411,2.353,84.949,4272.698,88.853
107.601,9.316,6.409,3.774,37.398,3969.147,87.112
6.06,8.21,6.749,2.532,59.518,4189.061,88.758
120.601,5.666,6.25,4.355,50.874,4044.16,86.633
487.937,6.57,6.679,4.748,64.949,3790.705,84.229
400.769,8.984,8.04,2.012,97.317,4058.603,87.308
479.788,3.995,6.946,3.023,6.518,4239.577,88.529
243.927,3.268,6.221,0.928,57.822,4428.319,89.685
54.868,0.108,6.856,1.402,86.44,4639.626,90.564
273.98,8.266,8.453,2.361,48.657,4261.707,89.61
227.189,8.01,7.574,1.428,8.774,4382.997,91.145
422.179,1.045,7.04,4.445,56.493,4183.285,86.581
49.041,5.769,6.416,1.212,33.875,4439.706,90.789
244.121,4.64,8.465,2.55,16.339,4504.767,91.276
75.024,1.187,8.052,3.226,85.054,4515.672,89.662
162.338,9.806,6.704,3.613,52.638,3932.301,86.738
368.679,2.147,6.175,2.224,93.394,4216.66,86.877
238.009,0.672,6.142,4.411,80.796,4158.849,85.982
187.944,5.948,6.301,3.057,69.604,4093.747,87.026
197.238,7.389,7.452,2.478,1.498,4326.366,90.465
229.723,0.324,8.322,0.803,43.355,4834.14,93.005
392.508,6.587,7.242,2.591,20.551,4198.36,88.754
446.042,5.323,8.107,4.193,91.169,4019.9,85.884
477.667,1.033,7.115,3.265,18.284,4357.894,88.706
393.452,1.725,7.771,4.245,29.32,4311.045,88.335
157.703,5.68,7.83,2.723,52.167,4343.49,89.617
344.067,2.964,6.435,1.033,27.073,4465.825,90.277
218.802,9.383,6.903,0.561,21.777,4312.054,90.718
127.335,8.187,7.593,1.864,60.311,4279.217,89.645
420.436,9.836,6.177,3.641,9.804,3831.969,86.172
19.213,2.597,6.904,4.056,6.759,4431.809,90.03
450.881,9.697,7.337,1.831,37.852,4064.604,88.177
230.739,4.312,8.491,2.73,72.346,4400.334,89.574
318.601,3.475,7.186,2.395,55.926,4334.218,88.825
329.677,0.503,8.04,2.347,42.865,4593.536,90.658
447.559,0.528,7.08,1.541,57.009,4489.729,89.485
318.335,6.92,7.991,1.114,37.18,4408.198,90.786
306.967,4.579,7.489,1.385,93.678,4340.539,88.842
33.326,2.265,8.216,0.749,6.436,4903.954,94.655
259.204,6.14,7.027,1.392,67.666,4291.658,89.082
75.085,2.529,7.511,0.541,89.237,4654.49,91.411
368.717,5.776,7.575,3.323,80.585,4090.895,86.836
256.111,3.592,7.043,1.924,19.22,4465.877,90.544
340.114,8.236,6.361,4.879,30.297,3805.736,85.225
20.836,8.207,6.234,1.372,71.988,4221.475,88.957
42.396,4.774,6.042,2.056,9.343,4419.986,90.538
358.162,3.508,8.184,2.11,81.374,4390.116,89.14
36.042,3.626,6.591,0.538,72.172,4561.671,90.983
35.628,8.057,6.529,4.276,73.231,3958.1,86.266
6.054,3.282,7.84,0.644,10.924,4830.647,94.182
478.251,2.091,6.8,4.731,72.058,4019.151,85.098
368.754,0.847,7.265,4.514,68.302,4211.752,86.689
176.626,4.667,6.406,2.91,83.261,4161.461,87.182
148.268,4.821,8.399,2.946,5.118,4519.882,91.594
174.852,8.409,8.129,3.442,3.288,4254.239,90.032
387.327,2.212,8.159,2.242,37.928,4511.637,90.401
330.685,3.81,7.017,3.413,15.73,4273.145,88.717
92.598,8.084,7.906,0.701,56.28,4457.383,91.436
87.055,8.236,6.36,0.743,91.818,4222.673,88.779
49.198,3.846,6.022,2.558,39.756,4349.984,89.256
330.151,4.591,6.05,2.973,84.65,4043.725,85.968
382.186,3.033,7.467,4.495,1.024,4252.349,88.423
132.523,9.326,7.138,0.971,17.683,4348.846,91.109
10.472,1.186,7.295,4.202,4.012,4536.73,90.683
41.086,9.337,6.019,1.445,33.487,4202.954,89.496
483.93,6.839,7.057,2.273,90.911,4012.614,86.269
147.722,5.316,7.795,1.925,10.598,4526.202,91.751
384.612,0.327,7.107,2.301,61.035,4449.899,88.987
312.332,4.756,7.831,1.177,45.698,4479.972,90.77
190.97,4.077,6.583,2.766,93.908,4194.473,87.229
102.844,1.612,8.033,4.107,13.129,4534.256,90.695
60.693,6.564,7.471,2.487,21.991,4395.885,90.708
307.506,9.712,6.527,2.708,3.925,4034.737,88.222
387.317,5.622,6.592,4.319,43.96,3964.563,85.893
321.952,7.148,7.57,3.677,28.505,4113.918,87.998
265.151,0.685,8.075,2.707,87.121,4495.738,89.292
20.976,4.177,7.039,1.66,60.889,4496.844,90.613
484.244,1.164,6.646,4.482,61.795,4092.467,85.656
399.357,6.128,8.168,3.097,53.659,4193.699,88.239
146.411,9.385,7.673,1.495,10.093,4355.168,91.266
489.985,6.618,7.12,1.711,45.057,4174.922,88.284
300.941,0.768,7.22,4.114,99.951,4221.791,86.449
291.211,3.547,6.511,0.699,83.688,4390.884,89.136
374.037,5.507,7.567,4.964,89.452,3919.004,84.948
405.885,4.032,6.897,1.087,82.499,4311.482,88.499
328.239,8.336,8.489,4.082,11.201,4137.337,88.762
64.048,8.147,7.2,2.276,23.517,4306.003,90.269
169.134,6.118,7.215,2.715,1.309,4356.874,90.391
464.042,3.735,7.415,4.463,31.048,4114.325,86.953
112.308,2.553,8.292,2.358,11.752,4686.053,92.509
186.084,1.059,8.002,2.919,47.807,4566.74,90.507
216.038,3.549,7.128,0.722,68.036,4519.058,90.575
219.702,4.132,7.797,0.511,87.576,4537.029,90.734
306.47,6.758,7.466,1.602,75.172,4244.908,88.725
471.538,6.582,7.231,3.563,93.92,3914.141,85.177
120.346,0.701,6.481,1.046,6.336,4735.611,92.503
60.751,3.953,7.16,1.012,2.206,4682.375,92.987
98.735,1.818,6.615,2.349,66.472,4453.32,89.414
443.462,1.568,8.287,3.415,29.646,4427.755,89.452
322.905,8.273,6.839,3.704,26.097,3986.122,87.082
142.953,0.419,8.381,1.303,33.758,4847.813,93.266
407.973,4.192,7.333,0.858,27.71,4478.451,90.765
430.685,1.682,7.579,4.732,51.632,4181.999,86.808
423.257,8.793,7.357,1.673,44.575,4127.992,88.472
459.463,5.57,6.323,4.34,51.73,3886.626,85.02
126.121,2.314,6.94,4.386,67.599,4241.436,87.433
377.521,5.024,6.248,3.976,39.326,4008.525,86.199
230.27,7.315,7.557,1.26,25.879,4397.126,90.907
420.999,9.581,7.117,4.198,17.454,3867.442,86.374
364.245,2.204,7.945,3.962,35.598,4334.792,88.653
388.224,8.862,6.551,3.185,74.439,3850.512,85.419
328.081,9.343,6.411,2.017,75.914,3956.381,86.608
88.714,9.164,7.016,1.681,67.024,4196.839,89.047
272.513,6.354,8.316,1.049,24.169,4524.495,91.91
492.335,6.298,7.776,2.794,59.221,4118.696,87.484
468.694,4.032,7.047,3.134,57.498,4140.415,87.039
21.587,7.524,7.293,2.117,48.942,4332.738,90.095
82.407,5.313,6.211,2.639,55.448,4239.395,88.433
65.864,6.774,8.461,2.136,49.687,4461.537,91.151
362.99,4.285,7.666,3.385,56.98,4218.465,87.9
408.893,7.315,6.714,4.556,71.835,3801.92,84.495
106.756,8.245,7.465,1.238,11.853,4433.368,91.689
252.926,1.464,6.274,2.216,75.213,4355.629,88.243
420.352,8.329,8.415,1.134,14.453,4372.522,91.079
366.401,5.403,6.437,3.312,7.596,4143.931,87.984
271.119,8.447,7.62,3.78,97.632,3930.86,85.866
295.174,4.313,6.614,4.694,95.742,3937.281,84.709
254.18,3.79,7.794,1.755,6.983,4573.321,91.801
148.774,9.151,7.942,4.776,44.882,3994.929,87.246
282.511,2.512,7.684,0.785,19.438,4684.17,92.401
344.443,8.442,7.536,3.214,49.049,4039.843,87.441
436.661,4.84,8.231,0.757,83.188,4420.691,89.827
318.146,5.141,6.197,4.522,95.111,3861.117,84.202
380.561,3.085,6.827,2.884,63.791,4222.218,87.51
80.036,5.73,6.621,3.512,36.037,4212.253,88.481
230.779,3.252,8.47,4.242,60.729,4323.342,88.602
4.666,0.393,6.973,1.176,31.888,4793.964,92.739
123.339,2.72,7.832,0.674,91.073,4635.973,91.265
363.231,0.064,7.712,4.455,87.17,4266.541,86.813
495.905,9.784,6.53,1.917,56.265,3911.641,86.489
49.589,9.657,6.597,1.08,33.155,4277.731,90.343
200.747,3.952,6.703,2.608,30.046,4351.471,89.4
400.035,7.284,7.028,3.192,4.308,4110.724,88.249
102.018,3.458,6.586,0.639,81.766,4507.2,90.292
277.542,6.711,6.049,1.737,45.588,4165.716,88.215
366.536,8.054,8.198,0.648,33.188,4402.729,91.112
307.993,9.468,8.414,2.392,47.64,4179.597,89.16
94.012,4.002,6.854,4.528,82.055,4121.375,86.594
177.692,7.833,6.846,4.922,13.337,3985.264,87.069
391.896,2.659,6.018,3.367,85.908,4064.373,85.582
277.113,9.903,7.701,1.227,89.853,4133.896,88.411
2.615,0.258,8.064,4.576,94.724,4445.087,88.581
380.495,6.035,6.367,2.823,40.351,4081.626,87.223
17.656,6.595,6.399,1.192,22.497,4437.155,91.125
372.867,6.88,7.975,4.648,37.99,4026.307,86.947
101.24,1.204,7.541,3.909,33.958,4484.481,89.866
479.037,9.385,6.112,3.793,18.439,3786.286,85.494
183.97,1.812,7.556,3.691,61.119,4381.69,88.749
163.466,6.228,6.772,1.402,48.186,4347.595,89.862
74.444,2.227,6.922,1.45,86.704,4525.259,90.054
152.802,3.072,7.924,3.597,4.179,4494.334,90.823
438.325,5.465,8.027,1.489,64.743,4331.981,89.312
498.167,4.172,7.001,2.474,76.532,4141.943,86.906
184.155,1.602,8.368,4.019,76.189,4410.319,88.822
224.305,1.709,7.016,4.028,88.721,4223.774,86.863
361.035,4.181,7.93,2.54,73.174,4303.052,88.553
443.098,7.573,7.21,4.065,92.853,3828.587,84.629
296.522,8.98,8.244,4.274,33.933,4031.894,87.674
195.763,0.841,8.269,3.446,50.818,4540.711,90.151
206.311,3.931,6.219,1.528,2.394,4464.567,90.801
347.809,1.002,8.341,1.733,1.689,4733.413,92.618
1.609,0.166,8.064,1.917,24.773,4856.059,93.363
309.795,6.617,7.978,1.026,10.98,4487.549,91.751
177.747,6.024,6.502,1.729,26.761,4333.686,89.877
397.099,1.63,8.013,1.443,18.527,4639.883,91.703
46.495,2.338,8.125,2.549,3.823,4709.834,92.762
294.101,0.237,6.723,4.588,91.021,4172.544,85.886
240.486,8.349,8.381,0.97,1.814,4499.704,92.484
321.163,9.747,6.125,3.741,73.872,3742.674,84.612
32.427,1.355,6.375,3.593,16.063,4462.132,89.867
289.992,2.315,7.344,0.931,91.311,4497.951,89.761
280.742,8.684,7.439,4.652,89.387,3825.441,84.966
280.33,9.265,7.613,3.058,65.736,4020.606,87.328
301.744,4.196,6.042,2.137,67.551,4194.778,87.531
338.234,0.506,8.401,3.904,1.529,4552.164,90.658
402.494,0.394,6.111,1.658,98.502,4327.385,87.407
134.91,5.739,6.358,3.621,87.905,4043.445,86.277
412.525,3.929,6.035,0.679,89.616,4253.693,87.819
249.128,0.287,7.417,4.277,66.265,4342.56,87.849
38.529,5.833,8.331,2.517,35.134,4500.231,91.401
29.275,0.113,7.665,3.365,89.471,4530.744,89.447
167.119,7.874,8.057,1.496,29.86,4419.141,91.255
392.448,3.064,6.033,3.547,56.708,4085.78,86.21
353.84,0.403,7.355,3.975,10.873,4419.2,89.204
394.307,5.884,7.149,2.629,92.274,4076.068,86.603
258.635,3.977,7.247,3.28,14.936,4338.733,89.431
220.099,9.738,6.181,2.553,23.265,4019.227,87.881
73.726,5.442,7.711,4.523,56.255,4197.295,88.043
164.096,2.752,7.258,2.74,76.645,4378.806,88.847
217.01,7.094,7.913,4.288,62.316,4074.617,87.251
44.3,2.715,7.213,4.106,23.981,4404.856,89.623
110.306,9.042,6.373,2.347,1.093,4193.157,89.633
299.113,3.747,7.621,1.535,75.958,4419.693,89.562
367.832,5.499,6.431,2.327,98.536,4054.439,86.209
499.174,0.506,8.181,4.218,81.181,4259.065,86.931
466.557,4.261,7.533,1.524,46.56,4361.385,89.427
321.283,8.324,6.393,2.86,90.473,3895.536,85.548
210.624,8.056,8.406,4.127,41.575,4136.555,88.367
318.089,2.243,7.296,2.091,52.968,4443.386,89.577
392.826,2.261,6.182,3.39,48.236,4173.306,86.929
59.168,8.173,7.567,1.605,45.315,4367.308,90.672
204.952,9.304,6.633,0.992,77.744,4140.961,88.423
419.901,0.954,8.009,4.075,53.15,4329.519,88.05
191.916,4.501,8.045,0.945,32.355,4624.222,92.269
285.936,3.375,8.447,1.721,26.558,4607.805,91.825
293.885,8.707,7.255,4.348,4.737,3998.908,87.554
92.238,0.835,7.137,2.059,58.736,4602.474,90.688
181.118,2.111,7.884,4.879,23.766,4356.844,88.964
167.256,7.525,6.331,4.909,15.665,3951.045,86.611
13.098,0.513,7.367,1.707,65.729,4702.35,91.52
12.096,4.925,7.366,0.684,68.44,4578.927,91.582
415.849,4.421,6.224,3.673,75.463,3975.185,85.324
136.535,3.344,7.045,2.529,50.854,4414.376,89.638
259.039,3.946,8.133,0.953,89.511,4512.154,90.41
149.363,5.299,8.14,3.684,93.698,4218.606,87.839
470.34,1.614,6.248,0.64,80.93,4383.068,88.505
129.648,5.72,6.227,4.416,63.924,4002.422,86.101
214.828,8.054,6.657,1.124,31.068,4281.013,89.916
436.365,7.602,8.187,1.073,98.312,4216.515,88.463
420.967,1.539,6.322,1.291,28.139,4459.461,89.775
93.051,1.492,7.8,4.821,21.063,4434.603,89.583
401.322,2.682,6.253,3.619,44.773,4139.071,86.747
229.093,3.611,7.558,4.106,6.627,4336.829,89.385
241.484,4.085,6.89,2.289,97.871,4239.369,87.64
66.74,6.797,7.972,2.013,59.255,4404.159,90.488
40.301,0.567,6.584,1.555,56.138,4642.138,91.03
363.97,0.347,7.598,2.663,65.924,4462.34,89.068
248.231,3.919,6.589,2.983,50.205,4240.116,88.075
218.425,6.972,7.784,3.343,4.174,4277.973,89.829
364.754,1.934,8.184,1.657,61.619,4550.384,90.468
382.756,6.415,6.317,4.769,71.901,3798.873,84.194
79.454,2.598,8.166,1.264,42.258,4736.1,92.718
305.113,8.861,7.484,4.845,75.972,3816.306,85.062
67.677,8.957,6.318,0.567,23.473,4346.463,90.917
375.688,2.973,7.069,2.665,22.906,4358.079,89.244
328.478,2.3,6.402,2.0,16.98,4427.003,89.79
478.307,4.113,7.751,2.521,37.827,4302.521,88.881
34.479,2.405,7.897,3.068,84.854,4475.704,89.63
28.527,6.724,6.264,2.46,82.963,4164.052,87.828
141.094,8.261,7.265,2.367,38.9,4228.476,89.374
130.853,6.731,8.037,3.797,59.323,4203.313,88.459
123.489,8.244,8.34,3.586,72.361,4156.755,88.317
453.127,3.97,7.284,4.25,24.879,4128.589,87.228
124.773,1.563,8.376,1.625,17.646,4799.251,93.285
135.975,7.38,7.339,3.243,97.238,4078.197,87.023
379.699,3.605,6.985,3.133,62.138,4190.847,87.369
224.87,6.713,8.121,2.164,98.16,4251.278,88.545
388.355,2.706,7.232,2.687,34.438,4356.144,89.029
32.683,0.812,7.18,1.912,70.6,4628.617,90.824
243.786,9.926,7.226,1.138,23.038,4244.489,90.192
16.807,1.562,8.117,1.462,26.859,4825.264,93.453
31.327,9.884,8.08,0.975,51.678,4397.274,91.421
453.219,9.773,7.009,3.574,32.642,3862.965,86.235
69.623,7.938,6.833,3.473,17.595,4169.088,88.896
266.21,6.594,7.23,4.778,27.025,4028.342,86.991
205.548,5.778,7.432,3.784,4.539,4264.082,89.329
173.672,8.661,6.596,0.734,70.738,4224.801,89.139
449.917,2.894,7.985,4.479,49.72,4181.461,87.186
10.912,4.677,7.216,4.382,10.33,4323.46,89.534
331.895,6.194,6.835,2.495,17.998,4222.379,88.902
481.697,4.112,6.267,3.136,11.151,4144.321,87.565
280.084,4.275,6.597,4.892,61.647,3993.397,85.6
468.411,3.303,8.373,2.895,10.327,4427.782,90.165
26.129,5.642,6.763,4.574,75.674,4072.352,86.659
